feature,coefficient,abs_coefficient
"cat__display_name_1014, Kings Highway, New Bedford, Bristol County, Massachusetts, 02745, United States",83.11945901404786,83.11945901404786
"cat__display_name_201, Branch Avenue, Providence, Providence County, Rhode Island, 02904, United States",79.12932046395832,79.12932046395832
"cat__display_name_109, Mariano Bishop Boulevard, Fall River, Bristol County, Massachusetts, 02721, United States",72.8076487801126,72.8076487801126
"cat__display_name_1500 Diamond Hill, Diamond Hill Road, Woonsocket, Providence County, Rhode Island, 02895, United States",71.22126030301362,71.22126030301362
"cat__display_name_TGI Friday's, 1385, South Washington Street, North Attleborough, Bristol County, Massachusetts, 02760, United States",63.91846732945875,63.91846732945875
"cat__display_name_Davenport's Bar and Grille, 1925, Pawtucket Avenue, Carpenters Corner, East Providence, Providence County, Rhode Island, 02914, United States",59.13080531447401,59.13080531447401
"cat__display_name_50, High Street, Rocky Brook, Wakefield, South Kingstown, South County, Rhode Island, 02879, United States",28.621160238776255,28.621160238776255
"cat__display_name_165, Broad Rock Road, Mooresfield, Peacedale, South Kingstown, South County, Rhode Island, 02879, United States",22.867592739369474,22.867592739369474
"cat__display_name_49, Middle Highway, Barrington, Bristol County, Rhode Island, 02806, United States",20.742362730701707,20.742362730701707
"cat__display_name_341, South Main Street, Washington, Tiogue, Coventry, Kent County, Rhode Island, 02816, United States",20.22723691209995,20.22723691209995
"cat__display_name_5, Clarence Thurber Drive, Smithfield, Providence County, Rhode Island, 02917, United States",-18.179843534772438,18.179843534772438
"cat__display_name_5, Garfield Avenue, Cranston, Providence County, Rhode Island, 02920, United States",14.838753668761042,14.838753668761042
"cat__display_name_900, Centerville Road, Warwick, Kent County, Rhode Island, 02886, United States",13.957538647079511,13.957538647079511
"cat__display_name_10, Coolridge Road, Greenville, Smithfield, Providence County, Rhode Island, 02828, United States",-13.667072948436426,13.667072948436426
"cat__display_name_900, Phenix Avenue, Cranston, Providence County, Rhode Island, 02921, United States",13.426356525653926,13.426356525653926
"cat__display_name_Faith Fellowship AOG Community Church, 1395, Nooseneck Hill Road, Coventry, Kent County, Rhode Island, 02816, United States",13.378545380920828,13.378545380920828
"cat__display_name_Cranston YMCA, 1225, Park Avenue, Cranston, Providence County, Rhode Island, 02910, United States",12.923707239706875,12.923707239706875
"cat__display_name_Landmark Primary Care, 400, Putnam Pike, Smithfield, Providence County, Rhode Island, 02917, United States",12.284109592958622,12.284109592958622
"cat__display_name_16, Roland Street, Cumberland, Providence County, Rhode Island, 02864, United States",-11.75768636829607,11.75768636829607
"cat__display_name_250, Armistice Boulevard, Pawtucket, Providence County, Rhode Island, 02860, United States",11.624602223446994,11.624602223446994
"cat__display_name_Foster Center Road, Foster, Providence County, Rhode Island, 02815, United States",-11.578190829833549,11.578190829833549
"cat__display_name_145, Colonel John Gardner Road, Bonnet Shores, Narragansett, South County, Rhode Island, 02882, United States",-11.519144636770976,11.519144636770976
"cat__display_name_Hedly Street, Portsmouth, Newport County, Rhode Island, 02871, United States",10.93431015957407,10.93431015957407
"cat__display_name_West Greenwich Town Hall, 280, Victory Highway, West Greenwich, Kent County, Rhode Island, 02817, United States",10.519012926359647,10.519012926359647
"cat__display_name_119, Colebrook Road, Adamsville, Little Compton, Newport County, Rhode Island, 02837, United States",10.466704065793756,10.466704065793756
"cat__display_name_389, Greenwich Avenue, Warwick, Kent County, Rhode Island, 02886, United States",10.445122610873847,10.445122610873847
"cat__display_name_160, Old Plainfield Pike, Foster, Providence County, Rhode Island, 02825, United States",-10.229733677937187,10.229733677937187
"cat__display_name_35, King Street, Newport, Newport County, Rhode Island, 02840, United States",10.114089063934042,10.114089063934042
"cat__display_name_21, Midwood Street, Cranston, Providence County, Rhode Island, 02910, United States",-10.034435084843539,10.034435084843539
cat__driver_Alex,-9.886979395943628,9.886979395943628
"cat__display_name_50, Dr Marcus Wheatland Boulevard, Newport, Newport County, Rhode Island, 02840, United States",9.83771307994392,9.83771307994392
"cat__display_name_1817, Warwick Avenue, Warwick, Kent County, Rhode Island, 02889, United States",9.721225945357622,9.721225945357622
"cat__display_name_1668, Flat River Road, Coventry, Kent County, Rhode Island, 02816, United States",-9.720275024603769,9.720275024603769
"cat__display_name_993, Oaklawn Avenue, Oaklawn, Cranston, Providence County, Rhode Island, 02920, United States",9.68149138962437,9.68149138962437
"cat__display_name_51, Butts Rock Road, Little Compton, Newport County, Rhode Island, 02837, United States",-9.524823359366513,9.524823359366513
"cat__display_name_Bayside YMCA, 70, West Street, Barrington, Bristol County, Rhode Island, 02806, United States",9.427757876611311,9.427757876611311
"cat__display_name_33, Saint Francis Street, Bernon Heights, Woonsocket, Providence County, Rhode Island, 02895, United States",-9.328348284177997,9.328348284177997
"cat__display_name_144, Glen Ridge Road, Cranston, Providence County, Rhode Island, 02920, United States",-9.28951719393369,9.28951719393369
"cat__display_name_1051, Chopmist Hill Road, Cherry Valley, Chepachet, Scituate, Providence County, Rhode Island, 02857, United States",-9.21538120259487,9.21538120259487
"cat__display_name_400, Putnam Pike, Smithfield, Providence County, Rhode Island, 02917, United States",9.031887122691133,9.031887122691133
"cat__display_name_East Side/Mount Hope YMCA, 438, Hope Street, Blackstone, Providence, Providence County, Rhode Island, 02906, United States",8.871588182581386,8.871588182581386
"cat__display_name_1150, Middle Road, Portsmouth, Newport County, Rhode Island, 02871, United States",-8.840483417370324,8.840483417370324
"cat__display_name_445, Elmwood Avenue, Elmwood, Providence, Providence County, Rhode Island, 02907, United States",-8.701710963646377,8.701710963646377
"cat__display_name_174, ""name""=>""Hill Street"", 02860, TIGER extrapolate/snap",-8.678903848060926,8.678903848060926
"cat__display_name_8, Crabapple Lane, Greenville, Smithfield, Providence County, Rhode Island, 02828, United States",-8.483513235576133,8.483513235576133
"cat__display_name_414, Hillsdale Road, Richmond, South County, Rhode Island, 02892, United States",-8.309215415527719,8.309215415527719
"cat__display_name_6, Mitchell Road, Narragansett, South County, Rhode Island, 02882, United States",-8.091758137634136,8.091758137634136
"cat__display_name_1110, Victory Highway, Coventry, Kent County, Rhode Island, 02827, United States",-8.014132007012742,8.014132007012742
"cat__display_name_39, Redwood Drive, South Kingstown, South County, Rhode Island, 02879, United States",-7.977365468273521,7.977365468273521
"cat__display_name_186, Amaral Street, East Providence, Providence County, Rhode Island, 02915, United States",-7.925027319454145,7.925027319454145
"cat__display_name_11, Glen Avenue, North Smithfield, Providence County, Rhode Island, 02896, United States",-7.886043649277892,7.886043649277892
"cat__display_name_53, Arrowhead Trail, Smithfield, Providence County, Rhode Island, 02917, United States",-7.80873346112226,7.80873346112226
"cat__display_name_50, Lodge Road, Huntsville, Pascoag, Burrillville, Providence County, Rhode Island, 02859, United States",-7.7905068995716595,7.7905068995716595
"cat__display_name_10, Grant Drive, Tiogue, Coventry, Kent County, Rhode Island, 02816, United States",-7.736451708028176,7.736451708028176
"cat__display_name_267, County Road, Barrington, Bristol County, Rhode Island, 02806, United States",-7.663002287859179,7.663002287859179
"cat__display_name_Desiree Court, Stillwater, Smithfield, Providence County, Rhode Island, 02917, United States",-7.450285582107234,7.450285582107234
"cat__display_name_44, Starflower Court, Snug Harbor, South Kingstown, South County, Rhode Island, 02879, United States",-7.371234970386997,7.371234970386997
"cat__display_name_51, Liberty Street, East Greenwich, Kent County, Rhode Island, 02818, United States",7.357615467142193,7.357615467142193
"cat__display_name_4, Petal Lane, South Kingstown, South County, Rhode Island, 02879, United States",-7.238996013491472,7.238996013491472
cat__driver_Michael Espinal,7.234789171649981,7.234789171649981
"cat__display_name_27, Starflower Court, Snug Harbor, South Kingstown, South County, Rhode Island, 02879, United States",-7.210691784862451,7.210691784862451
"cat__display_name_875, Ten Rod Road, Exeter, South County, Rhode Island, 02822, United States",-7.184321352597492,7.184321352597492
"cat__display_name_296, Sheffield Hill Road, Exeter, South County, Rhode Island, 02822, United States",-7.181428604395327,7.181428604395327
"cat__display_name_705, Metacom Avenue, Bristol, Bristol County, Rhode Island, 02809, United States",7.142388159752868,7.142388159752868
"cat__display_name_62, Countryside Drive, Cumberland, Providence County, Rhode Island, 02864, United States",-7.116371021290145,7.116371021290145
"cat__display_name_2530, Warwick Avenue, Kettle Corner, Warwick, Kent County, Rhode Island, 02889, United States",7.107062268420671,7.107062268420671
"cat__display_name_890, Ten Rod Road, Exeter, South County, Rhode Island, 02822, United States",-7.089225429002758,7.089225429002758
"cat__display_name_24, Charlotte Drive, Bristol, Bristol County, Rhode Island, 02809, United States",-7.061648838924403,7.061648838924403
"cat__display_name_19, Sherwood Valley Lane, Coventry, Kent County, Rhode Island, 02816, United States",-6.986257921055309,6.986257921055309
"cat__display_name_10, Junior Street, River Point, West Warwick, Kent County, Rhode Island, 02893, United States",-6.919055599559142,6.919055599559142
"cat__display_name_16, Legion Way, West Warwick, Kent County, Rhode Island, 02893, United States",-6.818450536279254,6.818450536279254
"cat__display_name_340, Oakland Beach Avenue, Oakland Beach, Warwick, Kent County, Rhode Island, 02889, United States",6.799676972599226,6.799676972599226
"cat__display_name_1850, Providence Pike, North Smithfield, Providence County, Rhode Island, 02896, United States",-6.764852641594445,6.764852641594445
"cat__display_name_1175, West Shore Road, Shawomet, Warwick, Kent County, Rhode Island, 02889, United States",6.760960973149343,6.760960973149343
"cat__display_name_511, Hope Street, Blackstone, Providence, Providence County, Rhode Island, 02906, United States",-6.758129678120675,6.758129678120675
"cat__display_name_4, Franca Drive, Bristol, Bristol County, Rhode Island, 02809, United States",-6.746673478629327,6.746673478629327
"cat__display_name_1, Betsey Williams Drive, Edgewood, Cranston, Providence County, Rhode Island, 02905, United States",-6.743157508897716,6.743157508897716
"cat__display_name_300, Industrial Way, Tiverton, Newport County, Rhode Island, 02878, United States",-6.674500638467055,6.674500638467055
"cat__display_name_59, Philmont Avenue, Cranston, Providence County, Rhode Island, 02910, United States",-6.629835483322035,6.629835483322035
"cat__display_name_792, Valley Road, Middletown, Newport County, Rhode Island, 02842, United States",6.6257121620443025,6.6257121620443025
"cat__display_name_236, Cheshire Drive, Cranston, Providence County, Rhode Island, 02921, United States",-6.615324868416053,6.615324868416053
"cat__display_name_5, Church Street, Greenville, Smithfield, Providence County, Rhode Island, 02828, United States",-6.50186001666983,6.50186001666983
"cat__display_name_120, High Street, Pawtucket, Providence County, Rhode Island, 02860, United States",-6.500643545882248,6.500643545882248
"cat__display_name_1477, Victory Highway, Glendale, Oakland, Burrillville, Providence County, Rhode Island, 02858, United States",-6.498366614560097,6.498366614560097
"cat__display_name_Cranston Fire Department Station 6, 1155, Scituate Avenue, Cranston, Providence County, Rhode Island, 02921, United States",6.485452889687084,6.485452889687084
"cat__display_name_1675, Flat River Road, Coventry, Kent County, Rhode Island, 02816, United States",6.411451876123442,6.411451876123442
cat__driver_Youjay,-6.2891624660994925,6.2891624660994925
"cat__display_name_1280, High Street, Central Falls, Providence County, Rhode Island, 02863, United States",-6.260594740773079,6.260594740773079
"cat__display_name_YMCA, 300, Elmwood Street, North Attleborough, Bristol County, Massachusetts, 02762, United States",-6.258596584720174,6.258596584720174
"cat__display_name_17, Chatham Road, Cranston, Providence County, Rhode Island, 02920, United States",-6.226555848588143,6.226555848588143
"cat__display_name_32, Baylies Avenue, Bristol Ferry, Portsmouth, Newport County, Rhode Island, 02871, United States",-6.1789829016707785,6.1789829016707785
"cat__display_name_Chariho High School, 453, Switch Road, Wood River Junction, Richmond, South County, Rhode Island, 02894, United States",-6.16764946053987,6.16764946053987
"cat__display_name_875, Centerville Road, Warwick, Kent County, Rhode Island, 02886, United States",-6.107224458345274,6.107224458345274
"cat__display_name_472, Taunton Avenue, Seekonk, Bristol County, Massachusetts, 02271, United States",6.0363528160612425,6.0363528160612425
"cat__display_name_27, Williston Way, Pawtucket, Providence County, Rhode Island, 02861, United States",-6.013383704196844,6.013383704196844
"cat__display_name_55, Firglade Avenue, East Providence, Providence County, Rhode Island, 02915, United States",-6.007309270060552,6.007309270060552
"cat__display_name_125, Elton Circle, Cranston, Providence County, Rhode Island, 02921, United States",-5.940628980655985,5.940628980655985
"cat__display_name_24, St Mary Street, Arctic, West Warwick, Kent County, Rhode Island, 02893, United States",-5.909560843712048,5.909560843712048
"cat__display_name_2, Atlantic Boulevard, Centerdale, North Providence, Providence County, Rhode Island, 02911, United States",5.787166738519289,5.787166738519289
"cat__display_name_31, Betsey Williams Drive, Edgewood, Cranston, Providence County, Rhode Island, 02905, United States",-5.648414740046733,5.648414740046733
"cat__display_name_15, Bedford Road, Pawtucket, Providence County, Rhode Island, 02860, United States",-5.603262637699566,5.603262637699566
"cat__display_name_27, Oyster Point, Beach Terrace, Warren, Bristol County, Rhode Island, 02885, United States",-5.594742487897179,5.594742487897179
cat__driver_Steven,5.5387411942348175,5.5387411942348175
"cat__display_name_America's Cup Avenue, Newport, Newport County, Rhode Island, 02840, United States",-5.52246673809104,5.52246673809104
cat__driver_David Adam,-5.480738580238438,5.480738580238438
"cat__display_name_183, Elmgrove Avenue, Blackstone, Providence, Providence County, Rhode Island, 02906, United States",-5.452116365597522,5.452116365597522
"cat__display_name_63, Betsey Williams Drive, Edgewood, Cranston, Providence County, Rhode Island, 02905, United States",-5.447298903824136,5.447298903824136
"cat__display_name_14, Foxcroft Avenue, Coles, Warwick, Kent County, Rhode Island, 02889, United States",-5.424830080729664,5.424830080729664
"cat__display_name_Krzak Road, Davisville, North Kingstown, South County, Rhode Island, 02852, United States",-5.241340207684649,5.241340207684649
"cat__display_name_Seven Stars Bakery, 20, Newman Avenue, Rumford, East Providence, Providence County, Rhode Island, 02916, United States",5.195160558613775,5.195160558613775
"cat__display_name_65, Shun Pike, Johnston, Providence County, Rhode Island, 02919, United States",-5.1534020080039005,5.1534020080039005
"cat__display_name_201, Hedly Street, Portsmouth, Newport County, Rhode Island, 02871, United States",-5.124332900699541,5.124332900699541
"cat__display_name_165 S County Trail (RI-2), South County Trail, Exeter, South County, Rhode Island, 02877, United States",-5.092655375693007,5.092655375693007
cat__driver_Jack,-5.064577768026036,5.064577768026036
"cat__display_name_North Kingstown Fire Department Station 1, 8150, Post Road, Wickford, North Kingstown, South County, Rhode Island, 02852, United States",4.992813207233714,4.992813207233714
"cat__display_name_300, ""name""=>""Elmwood Street"", 02760, TIGER extrapolate/snap",-4.9773338164335446,4.9773338164335446
"cat__display_name_2, George Street, Pawtucket, Providence County, Rhode Island, 02860, United States",-4.964706581122178,4.964706581122178
"cat__display_name_610, Waterman Avenue, Six Corners, East Providence, Providence County, Rhode Island, 02914, United States",-4.914406016865207,4.914406016865207
"cat__display_name_27, Island Avenue, Phillipsdale, Rumford, East Providence, Providence County, Rhode Island, 02916, United States",-4.878360881017197,4.878360881017197
"cat__display_name_The Nest, 272, Carpenter Street, Federal Hill, Olneyville, Providence, Providence County, Rhode Island, 02909, United States",-4.857519204519772,4.857519204519772
"cat__display_name_8, Canary Court, River Farms, West Warwick, Kent County, Rhode Island, 02893, United States",-4.845018746677172,4.845018746677172
"cat__display_name_Barrington Town Hall/Nayatt Hall, 283, County Road, Barrington, Bristol County, Rhode Island, 02806, United States",-4.797592001587895,4.797592001587895
cat__day_of_week_0,4.79299704112149,4.79299704112149
"cat__display_name_29, Beech Road, Narragansett, South County, Rhode Island, 02882, United States",-4.7909610889187375,4.7909610889187375
"cat__display_name_9, New London Avenue, Centerville, Crompton, West Warwick, Kent County, Rhode Island, 02893, United States",-4.789362511024296,4.789362511024296
"cat__display_name_400, Newport Avenue, Pawtucket, Providence County, Rhode Island, 02861, United States",-4.787347954655189,4.787347954655189
"cat__display_name_St. Elizabeth's Episcopal Church of Rhode Island, 63, Canonchet Road, Hopkinton, South County, Rhode Island, 02832, United States",-4.734819159228959,4.734819159228959
"cat__display_name_568, Knotty Oak Road, Anthony, Coventry, Kent County, Rhode Island, 02816, United States",-4.724118440862297,4.724118440862297
"cat__display_name_42, Magnolia Lane, Coventry, Kent County, Rhode Island, 02816, United States",-4.715740082653508,4.715740082653508
"cat__display_name_501, Bellevue Avenue, Newport, Newport County, Rhode Island, 02840, United States",-4.701612531146954,4.701612531146954
"cat__display_name_160, Foster Center Road, Simmons Corner, Foster, Providence County, Rhode Island, 02825, United States",-4.699986308315183,4.699986308315183
"cat__display_name_9, Sea Grass Way, North Kingstown, South County, Rhode Island, 02852, United States",-4.664998761674528,4.664998761674528
"cat__display_name_12, Roy Avenue, Middletown, Newport County, Rhode Island, 02842, United States",-4.651567759779673,4.651567759779673
"cat__display_name_2, Stafford Court, Cranston, Providence County, Rhode Island, 02920, United States",-4.650976314121455,4.650976314121455
"cat__display_name_WebsterBank, 1215, Park Avenue, Cranston, Providence County, Rhode Island, 02910, United States",-4.647812239867486,4.647812239867486
"cat__display_name_629, Killingly Street, Johnston, Providence County, Rhode Island, 02919, United States",4.627561876269401,4.627561876269401
"cat__display_name_47, Canonchet Way, Narragansett Beach, Narragansett Pier, Narragansett, South County, Rhode Island, 02882, United States",-4.624547422910067,4.624547422910067
"cat__display_name_649, County Road, Peck Corner, Barrington, Bristol County, Rhode Island, 02806, United States",-4.622280761108151,4.622280761108151
"cat__display_name_Salve Regina University, 100, Ochre Point Avenue, Newport, Newport County, Rhode Island, 02840, United States",-4.5906999671253805,4.5906999671253805
"cat__display_name_1218, North Main Road, Jamestown, Newport County, Rhode Island, 02835, United States",-4.552853136390538,4.552853136390538
"cat__display_name_26, Breakneck Hill Road, Lincoln, Providence County, Rhode Island, 02865, United States",4.54180698531207,4.54180698531207
cat__driver_Michael Williams,4.527616763692777,4.527616763692777
"cat__display_name_JT Connell Highway, Newport, Newport County, Rhode Island, 02840, United States",-4.509217595732866,4.509217595732866
"cat__display_name_30, Kossuth Street, Pawtucket, Providence County, Rhode Island, 02860, United States",-4.504193723642983,4.504193723642983
cat__driver_Joel,4.438972942359209,4.438972942359209
"cat__display_name_12, Callendar Avenue, Newport, Newport County, Rhode Island, 02840, United States",-4.425100943434798,4.425100943434798
"cat__display_name_34, Wood Street, Washington, Tiogue, Coventry, Kent County, Rhode Island, 02816, United States",-4.362398093354991,4.362398093354991
"cat__display_name_2065, Warwick Avenue, Warwick, Kent County, Rhode Island, 02889, United States",-4.353151418425723,4.353151418425723
"cat__display_name_323, Maple Street, Hamlet, Woonsocket, Providence County, Rhode Island, 02895, United States",-4.3325680091045005,4.3325680091045005
"cat__display_name_92, Suffolk Avenue, Pawtucket, Providence County, Rhode Island, 02861, United States",-4.324294170920945,4.324294170920945
"cat__display_name_19, Valley Road, Middletown, Newport County, Rhode Island, 02842, United States",-4.32212416378979,4.32212416378979
"cat__display_name_128, Pond Street, Pawtucket, Providence County, Rhode Island, 02860, United States",-4.174414547806903,4.174414547806903
"cat__display_name_2, Wildwood Road, Pettaquamscutt Lake Shores, Narragansett, South County, Rhode Island, 02882, United States",-4.169816777912539,4.169816777912539
"cat__display_name_22, Cedar Swamp Road, Greenville, Smithfield, Providence County, Rhode Island, 02917, United States",4.167406087349664,4.167406087349664
"cat__display_name_11, West Drive, Providence, Providence County, Rhode Island, 02904, United States",-4.120210757565159,4.120210757565159
"cat__display_name_624, Main Street, Warren, Bristol County, Rhode Island, 02885, United States",-4.100263439684553,4.100263439684553
"cat__display_name_45, Belcourt Avenue, Fruit Hill, North Providence, Providence County, Rhode Island, 02911, United States",-4.064804607319651,4.064804607319651
"cat__display_name_425, East Avenue, Harrisville, Burrillville, Providence County, Rhode Island, 01506, United States",-4.048451673253586,4.048451673253586
"cat__display_name_191, County Road, Barrington, Bristol County, Rhode Island, 02806, United States",-4.045869080304665,4.045869080304665
"cat__display_name_208, Concord Avenue, Cranston, Providence County, Rhode Island, 02910, United States",-3.9940518534753617,3.9940518534753617
"cat__display_name_11, Breakneck Hill Road, Lincoln, Providence County, Rhode Island, 02865, United States",-3.9914922811550393,3.9914922811550393
"cat__display_name_814, Harris Avenue, Woonsocket, Providence County, Rhode Island, 02895, United States",-3.9910839599983228,3.9910839599983228
"cat__display_name_Ponaganset High School, 137, Anan Wade Road, Glocester, Providence County, Rhode Island, 02857, United States",-3.898827026433951,3.898827026433951
"cat__display_name_113, Clinton Street, Social, Woonsocket, Providence County, Rhode Island, 02895, United States",-3.854911989745448,3.854911989745448
"cat__display_name_670, Weeden Street, Fairlawn, Pawtucket, Providence County, Rhode Island, 02860, United States",3.841592328308025,3.841592328308025
"cat__display_name_1440, Mineral Spring Avenue, Marieville, North Providence, Providence County, Rhode Island, 02904, United States",3.8132859164090998,3.8132859164090998
cat__driver_Eric,3.805637552877326,3.805637552877326
"cat__display_name_21, Birch Swamp Road, Warren, Bristol County, Rhode Island, 02885, United States",-3.7872533638035883,3.7872533638035883
"cat__display_name_Lincoln Middle School, 152, Jenckes Hill Road, Lincoln, Providence County, Rhode Island, 02865, United States",-3.785939024108303,3.785939024108303
"cat__display_name_99, Touisset Road, Warren, Bristol County, Rhode Island, 02885, United States",-3.7748574502006984,3.7748574502006984
"cat__display_name_165, New Meadow Road, Barrington, Bristol County, Rhode Island, 02806, United States",-3.7342634551895024,3.7342634551895024
"cat__display_name_4150, Old Post Road, Fort Ninigret, Charlestown, South County, Rhode Island, 02813, United States",3.7280438417983848,3.7280438417983848
"cat__display_name_200, Exchange Street, Downtown, Providence, Providence County, Rhode Island, 02903, United States",3.692054104375014,3.692054104375014
"cat__display_name_20, Summer Street, Pawtucket, Providence County, Rhode Island, 02860, United States",-3.6547099240446026,3.6547099240446026
"cat__display_name_135, Old River Road, Lincoln, Providence County, Rhode Island, 02865, United States",-3.652340608106153,3.652340608106153
"cat__display_name_30, Redwood Drive, North Providence, Providence County, Rhode Island, 02911, United States",-3.648330170140137,3.648330170140137
"cat__display_name_2, Collins Court, Barrington, Bristol County, Rhode Island, 02806, United States",-3.6242712823039507,3.6242712823039507
"cat__display_name_US Rubber Lofts, 12, Eagle Street, Olneyville, Providence, Providence County, Rhode Island, 02908, United States",-3.6152937193499946,3.6152937193499946
"cat__display_name_225, 227, Maple Street, Hamlet, Woonsocket, Providence County, Rhode Island, 02895, United States",-3.5533920248747566,3.5533920248747566
"cat__display_name_1, Tall Pines Drive, Barrington, Bristol County, Rhode Island, 02806, United States",-3.546510055528936,3.546510055528936
"cat__display_name_Orchard Meadows Drive, Smithfield, Providence County, Rhode Island, 02917, United States",-3.503994067905841,3.503994067905841
"cat__display_name_7, Davis Court, Newport, Newport County, Rhode Island, 02840, United States",-3.481974401498079,3.481974401498079
"cat__display_name_420, Main Street, Pawtucket, Providence County, Rhode Island, 02860, United States",-3.4629625527186927,3.4629625527186927
"cat__display_name_12, Montague Street, Blackstone, Providence, Providence County, Rhode Island, 02906, United States",3.423170457013851,3.423170457013851
"cat__display_name_West Warwick Public Library, 1043, Main Street, West Warwick, Kent County, Rhode Island, 02893, United States",-3.327927837504789,3.327927837504789
"cat__display_name_Angell at Prescott Library, 216, Hope Street, College Hill, Providence, Providence County, Rhode Island, 02906, United States",-3.282965157622481,3.282965157622481
"cat__display_name_27, Homewood Avenue, Fruit Hill, North Providence, Providence County, Rhode Island, 02911, United States",-3.27429339147639,3.27429339147639
"cat__display_name_310, Bourne Avenue, Rumford, East Providence, Providence County, Rhode Island, 02916, United States",-3.2279734632427872,3.2279734632427872
"cat__display_name_43, Betsey Williams Drive, Edgewood, Cranston, Providence County, Rhode Island, 02905, United States",-3.198138272824496,3.198138272824496
cat__driver_Kyle Dimascio,-3.195945022982072,3.195945022982072
"cat__display_name_North Providence High School, 1828, Mineral Spring Avenue, North Providence, Providence County, Rhode Island, 02904, United States",3.1711129989779505,3.1711129989779505
"cat__display_name_Saint Michael’s Ukrainian Orthodox Church, 74, Harris Avenue, Woonsocket, Providence County, Rhode Island, 02895, United States",-3.1225437917561414,3.1225437917561414
"cat__display_name_150, South Main Street, College Hill, Providence, Providence County, Rhode Island, 02903, United States",-3.0818974747755887,3.0818974747755887
"cat__display_name_292, West Shore Road, Coles, Warwick, Kent County, Rhode Island, 02889, United States",-3.022437545682935,3.022437545682935
"cat__display_name_AAOG, 1052, Newport Avenue, South Attleboro, Attleboro, Bristol County, Massachusetts, 02703, United States",-2.9902456658675134,2.9902456658675134
"cat__display_name_Oak Lawn Branch Cranston Public Library, 230, Wilbur Avenue, Cranston, Providence County, Rhode Island, 02921, United States",-2.967730452799942,2.967730452799942
cat__day_of_week_4,-2.9535935730327574,2.9535935730327574
"cat__display_name_575, Centerville Road, Warwick, Kent County, Rhode Island, 02886, United States",2.9527072418933393,2.9527072418933393
"cat__display_name_16, Puritan Avenue, Barrington, Bristol County, Rhode Island, 02806, United States",-2.93472164547238,2.93472164547238
"cat__display_name_Women & Infants Hospital of Rhode Island, 101, Dudley Street, Providence, Providence County, Rhode Island, 02905, United States",2.930735303961694,2.930735303961694
"cat__display_name_80, Halsey Street, Newport, Newport County, Rhode Island, 02840, United States",-2.9018012179005996,2.9018012179005996
"cat__display_name_1688, Flat River Road, Coventry, Kent County, Rhode Island, 02816, United States",2.8704025187394757,2.8704025187394757
"cat__display_name_1291, Hartford Avenue, Johnston, Providence County, Rhode Island, 02919, United States",2.860860007012565,2.860860007012565
"cat__display_name_Cranston Police Department, 5, Garfield Avenue, Cranston, Providence County, Rhode Island, 02920, United States",2.8411286693926803,2.8411286693926803
"cat__display_name_Nipmuc Trail, North Providence, Providence County, Rhode Island, 02904, United States",-2.7815131829747584,2.7815131829747584
"cat__display_name_10, Catherine Street, Bristol, Bristol County, Rhode Island, 02809, United States",-2.7738710373716904,2.7738710373716904
"cat__display_name_122, Amy Hart Path, Adamsville, Little Compton, Newport County, Rhode Island, 02837, United States",2.7662199463341213,2.7662199463341213
"cat__display_name_Tockwotton, 500, Waterfront Drive, East Providence, Providence County, Rhode Island, 02914, United States",-2.7547905902742538,2.7547905902742538
cat__driver_Faybion,2.730742938890175,2.730742938890175
"cat__display_name_191, Coggeshall Avenue, Newport, Newport County, Rhode Island, 02840, United States",-2.7267637267230853,2.7267637267230853
cat__driver_Domingos,2.6898754569670973,2.6898754569670973
"cat__display_name_4080, South County Trail, Columbia Heights, Charlestown, South County, Rhode Island, 02813, United States",-2.686112472902336,2.686112472902336
"cat__display_name_21, Alexander Drive, Narragansett, South County, Rhode Island, 02882, United States",2.6553551331025087,2.6553551331025087
"cat__display_name_VFW Post 237, 850, Hope Street, Bristol, Bristol County, Rhode Island, 02809, United States",2.6229935826353468,2.6229935826353468
cat__driver_Michael Colon,-2.602549738018546,2.602549738018546
"cat__display_name_The Wheeler School, 216, Hope Street, College Hill, Providence, Providence County, Rhode Island, 02906, United States",-2.593480167472868,2.593480167472868
"cat__display_name_90, Cavalier Drive, East Greenwich, Kent County, Rhode Island, 02818, United States",-2.5869764518854796,2.5869764518854796
"cat__display_name_1, King Street, Newport, Newport County, Rhode Island, 02840, United States",-2.585677202109159,2.585677202109159
"cat__display_name_141, Gano Street, Fox Point, Providence, Providence County, Rhode Island, 02906, United States",-2.582350470768479,2.582350470768479
"cat__display_name_69, Westcott Avenue, Manton, Providence, Providence County, Rhode Island, 02909, United States",-2.573393421177499,2.573393421177499
"cat__display_name_71, Sheffield Road, Cranston, Providence County, Rhode Island, 02920, United States",-2.544856604742387,2.544856604742387
"cat__display_name_163, Rose Hill Road, South Kingstown, South County, Rhode Island, 02879, United States",2.5364514332990247,2.5364514332990247
"cat__display_name_155, Plan Way, Warwick, Kent County, Rhode Island, 02886, United States",-2.4909312750630415,2.4909312750630415
"cat__display_name_125, Scituate Avenue, Cranston, Providence County, Rhode Island, 02921, United States",2.4865471472978466,2.4865471472978466
"cat__display_name_68, Bates Trail, West Greenwich, Kent County, Rhode Island, 02817, United States",-2.46627927735161,2.46627927735161
cat__driver_Antoine Jarman,2.444164997610494,2.444164997610494
"cat__display_name_Douglas Pike, North Smithfield, Providence County, Rhode Island, 02896, United States",-2.4320676217099586,2.4320676217099586
"cat__display_name_Sterling Avenue, Olneyville, Providence, Providence County, Rhode Island, 02909, United States",-2.4273995520701632,2.4273995520701632
"cat__display_name_2220, Broncos Highway, Burrillville, Providence County, Rhode Island, 02830, United States",-2.3979149593650217,2.3979149593650217
"cat__display_name_9, George W Finnerty Road, Barrington, Bristol County, Rhode Island, 02806, United States",-2.3974942761590268,2.3974942761590268
"cat__display_name_70, Nausauket Road, Nausauket, Cowesett, Warwick, Kent County, Rhode Island, 02886, United States",2.3623870245530716,2.3623870245530716
"cat__display_name_1201, Douglas Pike, Smithfield, Providence County, Rhode Island, 02917, United States",-2.3295872738268466,2.3295872738268466
"cat__display_name_80, Hill Street, Pawtucket, Providence County, Rhode Island, 02860, United States",-2.3274646592137365,2.3274646592137365
"cat__display_name_72, Woodbury Street, Blackstone, Providence, Providence County, Rhode Island, 02906, United States",-2.3105046862753946,2.3105046862753946
cat__driver_Youjay Wheayou,-2.2199359084455423,2.2199359084455423
cat__day_of_week_3,-2.2090045014927666,2.2090045014927666
"cat__display_name_32, Foxcroft Avenue, Coles, Warwick, Kent County, Rhode Island, 02889, United States",-2.183681615272243,2.183681615272243
"cat__display_name_Church of the Precious Blood, 24, Hamlet Avenue, Hamlet, Woonsocket, Providence County, Rhode Island, 02895, United States",2.123916708935708,2.123916708935708
"cat__display_name_871, Harris Avenue, Woonsocket, Providence County, Rhode Island, 02895, United States",-2.0937009827225697,2.0937009827225697
cat__month_of_year_4,2.0790618921929815,2.0790618921929815
"cat__display_name_943, River Street, Woonsocket, Providence County, Rhode Island, 02895, United States",-2.0474034085367747,2.0474034085367747
"cat__display_name_Joseph Jenks Junior High School, 350, Division Street, Pawtucket, Providence County, Rhode Island, 02860, United States",2.0457917997420743,2.0457917997420743
"cat__display_name_26, Nardolillo Street, Johnston, Providence County, Rhode Island, 02919, United States",-2.044265841794307,2.044265841794307
"cat__display_name_Zuccolo Recreation Center, 18, Gesler Street, Federal Hill, Olneyville, Providence, Providence County, Rhode Island, 02909, United States",-2.025164027072076,2.025164027072076
"cat__display_name_23, Manchaug Street, East Douglas, Douglas, Worcester County, Massachusetts, 01516, United States",2.0163990010855075,2.0163990010855075
cat__month_of_year_6,1.9975690515832554,1.9975690515832554
num__stops_in_previous_7,-1.9896641482689066,1.9896641482689066
"cat__display_name_Popeyes, 77, Reservoir Avenue, Elmwood, Providence, Providence County, Rhode Island, 02907, United States",-1.9802386110758154,1.9802386110758154
"cat__display_name_Farm Fresh Rhode Island, 10, Sims Avenue, Olneyville, Providence, Providence County, Rhode Island, 02909, United States",-1.9795254717090927,1.9795254717090927
"cat__display_name_Town Landfill Road, Westerly, South County, Rhode Island, 29644, United States",1.8747233349134764,1.8747233349134764
"cat__display_name_2615, Warwick Avenue, Kettle Corner, Warwick, Kent County, Rhode Island, 02889, United States",-1.8574908886603698,1.8574908886603698
"cat__display_name_1485, South County Trail, Frys Corner, East Greenwich, Kent County, Rhode Island, 02818, United States",-1.8038935436036396,1.8038935436036396
"cat__display_name_2061, Diamond Hill Road, Monastery Heights, Cumberland, Providence County, Rhode Island, 02864, United States",1.7779368598135479,1.7779368598135479
"cat__display_name_219, Howell Street, Providence, Providence County, Rhode Island, 02906, United States",-1.7555002893505367,1.7555002893505367
"cat__display_name_Mt Pleasant opposite Old, 600, Mount Pleasant Avenue, Providence, Providence County, Rhode Island, 02908, United States",1.7518687256519465,1.7518687256519465
"cat__display_name_1160, Boston Neck Road, Narragansett, South County, Rhode Island, 02882, United States",1.7376871483429486,1.7376871483429486
"cat__display_name_170, Clarke Road, Narragansett, South County, Rhode Island, 02882, United States",1.7319189983913117,1.7319189983913117
"cat__display_name_75, Oxford Street, Providence, Providence County, Rhode Island, 02905, United States",-1.7259943311645316,1.7259943311645316
"cat__display_name_Wickford Art Association Gallery, 36, Beach Street, Cold Spring Beach, Wickford, North Kingstown, South County, Rhode Island, 02852, United States",1.7029065760677713,1.7029065760677713
"cat__display_name_15, Wheaton Street, Warren, Bristol County, Rhode Island, 02885, United States",-1.6951112833335749,1.6951112833335749
cat__month_of_year_12,-1.6617884989041822,1.6617884989041822
"cat__display_name_133, Delaine Street, Olneyville, Providence, Providence County, Rhode Island, 02909, United States",-1.6592600495275014,1.6592600495275014
"cat__display_name_40, Old Louisquisset Pike, North Smithfield, Providence County, Rhode Island, 02896, United States",-1.623892491596173,1.623892491596173
"cat__display_name_1285, Hartford Avenue, Johnston, Providence County, Rhode Island, 02919, United States",1.6168277027412636,1.6168277027412636
"cat__display_name_3188, Post Road, Apponaug Historic District, Apponaug, Warwick, Kent County, Rhode Island, 02886, United States",1.5964631238573779,1.5964631238573779
"cat__display_name_Ferncrest Drive, Johnston, Providence County, Rhode Island, 02919, United States",1.5428509358474969,1.5428509358474969
"cat__display_name_124, Colebrook Road, Adamsville, Little Compton, Newport County, Rhode Island, 02837, United States",-1.5365073482733704,1.5365073482733704
"cat__display_name_235, Angell Street, College Hill, Providence, Providence County, Rhode Island, 02906, United States",-1.4994024717354029,1.4994024717354029
"cat__display_name_3, Vernon Street, Warren, Bristol County, Rhode Island, 02885, United States",-1.4893012077085417,1.4893012077085417
"cat__display_name_137, Roosevelt Avenue, Pawtucket, Providence County, Rhode Island, 02860, United States",1.4401893524071139,1.4401893524071139
"cat__display_name_Buttonwoods Road, Wyoming, Richmond, South County, Rhode Island, 02898, United States",1.4110207821138991,1.4110207821138991
"cat__display_name_1, Moeller Place, Pawtucket, Providence County, Rhode Island, 02860, United States",-1.4051237231810403,1.4051237231810403
"cat__display_name_188, Valley Street, Olneyville, Providence, Providence County, Rhode Island, 02909, United States",-1.4015191074382152,1.4015191074382152
"cat__display_name_20, Cooke Street, Bristol, Bristol County, Rhode Island, 02809, United States",-1.3909069570859518,1.3909069570859518
"cat__display_name_James L. McGuire Elementary School, 55, Central Avenue, North Providence, Providence County, Rhode Island, 02904, United States",1.3797899786353873,1.3797899786353873
"cat__display_name_1811, Warwick Avenue, Warwick, Kent County, Rhode Island, 02889, United States",-1.3760184070765609,1.3760184070765609
cat__day_of_week_1,1.3695644321137825,1.3695644321137825
"cat__display_name_1017, Tiogue Avenue, Spring Lake, Tiogue, Coventry, Kent County, Rhode Island, 02816, United States",1.3601962085206376,1.3601962085206376
cat__driver_Donnie Avilla,1.359603748381418,1.359603748381418
"cat__display_name_Greystone Elementary School, 100, Morgan Avenue, Centerdale, North Providence, Providence County, Rhode Island, 02911, United States",1.3506412095120826,1.3506412095120826
"cat__display_name_24, Hamlet Avenue, Hamlet, Woonsocket, Providence County, Rhode Island, 02895, United States",1.3430795127529163,1.3430795127529163
"cat__display_name_21, Davis Street, East Douglas, Douglas, Worcester County, Massachusetts, 01516, United States",1.3218885234414735,1.3218885234414735
"cat__display_name_427, Front Street, Woonsocket, Providence County, Rhode Island, 02895, United States",-1.313188030565608,1.313188030565608
"cat__display_name_1866, New London Turnpike, West Warwick, Kent County, Rhode Island, 02893, United States",1.3013660757957732,1.3013660757957732
"cat__display_name_40, Wood Street, Washington, Tiogue, Coventry, Kent County, Rhode Island, 02816, United States",-1.2943599416155813,1.2943599416155813
"cat__display_name_Edgewood Congregational Church, 1788, Broad Street, Pawtuxet, Cranston, Providence County, Rhode Island, 02905, United States",1.279231556919549,1.279231556919549
"cat__display_name_5, Williston Way, Pawtucket, Providence County, Rhode Island, 02861, United States",-1.2670587225813814,1.2670587225813814
"cat__display_name_South County Trail, North Kingstown, South County, Rhode Island, 02877, United States",1.25689913250418,1.25689913250418
cat__driver_Sebastian,-1.24637105898372,1.24637105898372
"cat__display_name_100, South Street, Downtown, Providence, Providence County, Rhode Island, 02903, United States",-1.2391748763939736,1.2391748763939736
"cat__display_name_15, Green Earth Lane, Johnston, Providence County, Rhode Island, 02919, United States",1.2178948403055538,1.2178948403055538
"cat__display_name_Narragansett Pier School, 235, South Pier Road, Narragansett Pier, Narragansett, South County, Rhode Island, 02882, United States",-1.1606927991729326,1.1606927991729326
cat__month_of_year_2,-1.1240099164243997,1.1240099164243997
cat__month_of_year_11,-1.1200096449556163,1.1200096449556163
"cat__display_name_All Star Division of Extensions School of Dance, 1341, West Main Road, Middletown, Newport County, Rhode Island, 02842, United States",1.1081903757100782,1.1081903757100782
num__if_bin,1.0806965251737577,1.0806965251737577
"cat__display_name_1080, Tiogue Avenue, Spring Lake, Coventry, Kent County, Rhode Island, 02816, United States",-1.0588214687405202,1.0588214687405202
"cat__display_name_Birchwood Middle School, 10, Birchwood Drive, North Providence, Providence County, Rhode Island, 02904, United States",1.0128548908788477,1.0128548908788477
"cat__display_name_801, Oaklawn Avenue, Oaklawn, Cranston, Providence County, Rhode Island, 02920, United States",1.0046716237856417,1.0046716237856417
"cat__display_name_300, Niantic Avenue, Providence, Providence County, Rhode Island, 02907, United States",-1.004464865440441,1.004464865440441
"cat__display_name_Exeter Town Hall, 675, Ten Rod Road, Exeter, South County, Rhode Island, 02822, United States",-0.9675194658077454,0.9675194658077454
cat__month_of_year_5,0.9608457220108454,0.9608457220108454
"cat__display_name_793, Valley Road, Middletown, Newport County, Rhode Island, 02842, United States",-0.9378505863764606,0.9378505863764606
cat__day_of_week_2,-0.9303099145374106,0.9303099145374106
"cat__display_name_1060, Tiogue Avenue, Spring Lake, Coventry, Kent County, Rhode Island, 02816, United States",-0.8931438721280368,0.8931438721280368
"cat__display_name_Jackson Walkway, Downtown, Providence, Providence County, Rhode Island, 02902, United States",0.8870471100900723,0.8870471100900723
"cat__display_name_2, Volturno Street, North Providence, Providence County, Rhode Island, 02904, United States",-0.8535445379557067,0.8535445379557067
"cat__display_name_1516, Atwood Avenue, Johnston, Providence County, Rhode Island, 02919, United States",-0.8468578669856134,0.8468578669856134
"cat__display_name_Saint Luke's Episcopal Church, 99, Peirce Street, East Greenwich, Kent County, Rhode Island, 02818, United States",0.8145391637607998,0.8145391637607998
"cat__display_name_401, Newport Avenue, Pawtucket, Providence County, Rhode Island, 02861, United States",-0.8119689435656289,0.8119689435656289
"cat__display_name_33, William Ellery Place, Providence, Providence County, Rhode Island, 02904, United States",-0.8026020562163972,0.8026020562163972
cat__month_of_year_1,-0.7938992085437392,0.7938992085437392
"cat__display_name_Ray's Polyclean Center, 1015, Main Street, West Warwick, Kent County, Rhode Island, 02893, United States",0.790731151926527,0.790731151926527
"cat__display_name_2, Quality Drive, Lincoln, Providence County, Rhode Island, 02865, United States",0.7553194605155977,0.7553194605155977
"cat__display_name_242, Allens Avenue, Providence, Providence County, Rhode Island, 02905, United States",-0.716835134258504,0.716835134258504
num__stops_in_previous_14,-0.6933576178107036,0.6933576178107036
"cat__display_name_647, Weeden Street, Fairlawn, Pawtucket, Providence County, Rhode Island, 02860, United States",0.6906355778115962,0.6906355778115962
"cat__display_name_575, Smithfield Road, Union Village, North Smithfield, Providence County, Rhode Island, 02896, United States",0.6572446261120636,0.6572446261120636
"cat__display_name_50, North Road, Jamestown, Newport County, Rhode Island, 02835, United States",0.6546282503631985,0.6546282503631985
"cat__display_name_60, Union Avenue, Bridgeton, Pascoag, Burrillville, Providence County, Rhode Island, 02830, United States",0.646253083248287,0.646253083248287
"cat__display_name_11, Ingalls Street, Wildes Corner, Warwick, Kent County, Rhode Island, 02889, United States",-0.6368305415187198,0.6368305415187198
"cat__display_name_10, Wampanog Lane, Grayville, Tiverton, Newport County, Rhode Island, 02878, United States",-0.6337577715891805,0.6337577715891805
"cat__display_name_4, Howard Avenue, John O. Pastore Complex, Cranston, Providence County, Rhode Island, 02920, United States",-0.6251295516636702,0.6251295516636702
cat__driver_Skip,0.59803163393775,0.59803163393775
"cat__display_name_93, Stanwood Street, Providence, Providence County, Rhode Island, 02907, United States",-0.597577156732032,0.597577156732032
"cat__display_name_300, Whipple Avenue, Whipple, Oakland, Burrillville, Providence County, Rhode Island, 02858, United States",-0.5601050376669966,0.5601050376669966
"cat__display_name_11, Range Road, Wildes Corner, Warwick, Kent County, Rhode Island, 02889, United States",-0.5353720966799881,0.5353720966799881
"cat__display_name_200, Tinkham Lane, Harrisville, Burrillville, Providence County, Rhode Island, 02830, United States",-0.5317235679390361,0.5317235679390361
"cat__display_name_67, Betsey Williams Drive, Edgewood, Cranston, Providence County, Rhode Island, 02905, United States",-0.5223379879292155,0.5223379879292155
cat__driver_Linnen Bolden,0.4530520146324917,0.4530520146324917
"cat__display_name_Old Cumberland Police Department, 1380, Diamond Hill Road, Monastery Heights, Cumberland, Providence County, Rhode Island, 02864, United States",-0.4433895137950485,0.4433895137950485
"cat__display_name_65, Hunts River Drive, Davisville, North Kingstown, South County, Rhode Island, 02852, United States",-0.4281884595865303,0.4281884595865303
"cat__display_name_200, Meshanticut Valley Parkway, Meshanticut, Cranston, Providence County, Rhode Island, 02920, United States",0.41596160028489276,0.41596160028489276
"cat__display_name_647, Bound Road, Woonsocket, Providence County, Rhode Island, 02895, United States",-0.3945407736513271,0.3945407736513271
"cat__display_name_345, Devils Foot Road, Davisville, North Kingstown, South County, Rhode Island, 02852, United States",0.3799381834508447,0.3799381834508447
"cat__display_name_Coventry Town Hall, 1670, Flat River Road, Coventry, Kent County, Rhode Island, 02816, United States",0.3757926463134419,0.3757926463134419
"cat__display_name_278, Allens Avenue, Providence, Providence County, Rhode Island, 02905, United States",-0.3725545361856177,0.3725545361856177
"cat__display_name_38, Saint Francis Street, Bernon Heights, Woonsocket, Providence County, Rhode Island, 02895, United States",-0.3573351334728794,0.3573351334728794
"cat__display_name_Great Road, Lincoln, Providence County, Rhode Island, 02865, United States",-0.3342078580930466,0.3342078580930466
cat__month_of_year_8,-0.33324616640246596,0.33324616640246596
num__stops_in_previous_28,0.2887373896766607,0.2887373896766607
cat__month_of_year_3,-0.26246843406284953,0.26246843406284953
cat__driver_Jack M,0.2542800007775358,0.2542800007775358
"cat__display_name_Thomas A Lamb Memorial Building, 100, Factory Street, West Warwick, Kent County, Rhode Island, 02893, United States",-0.2525428135358566,0.2525428135358566
"cat__display_name_Stop & Shop, 11, Commerce Way, Johnston, Providence County, Rhode Island, 02919, United States",-0.24704995569308003,0.24704995569308003
cat__month_of_year_7,0.23906434582771824,0.23906434582771824
cat__month_of_year_10,0.23157843861009153,0.23157843861009153
"cat__display_name_166, ""name""=>""Hill Street"", 02860, TIGER extrapolate/snap",0.2283055816473094,0.2283055816473094
"cat__display_name_65, Fruit Hill Avenue, Manton, Providence, Providence County, Rhode Island, 02911, United States",-0.2153683563286153,0.2153683563286153
"cat__display_name_Creek Lane, Bristol, Bristol County, Rhode Island, 02809, United States",-0.21393342936480425,0.21393342936480425
cat__month_of_year_9,-0.21269758099089411,0.21269758099089411
"cat__display_name_2240, South County Trail, East Greenwich, Kent County, Rhode Island, 02818, United States",0.1959388397712142,0.1959388397712142
"cat__display_name_1341, Diamond Hill Road, Monastery Heights, Cumberland, Providence County, Rhode Island, 02864, United States",-0.1910325704494383,0.1910325704494383
"cat__display_name_193, Columbia Avenue, Fairlawn, Pawtucket, Providence County, Rhode Island, 02860, United States",0.15978176298689648,0.15978176298689648
"cat__display_name_23, Belfield Drive, Johnston, Providence County, Rhode Island, 02919, United States",0.15744571762585674,0.15744571762585674
"cat__display_name_148, Wadsworth Street, Olneyville, Providence, Providence County, Rhode Island, 02907, United States",-0.11844196938134294,0.11844196938134294
"cat__display_name_12, Talcott Avenue, Pawtucket, Providence County, Rhode Island, 02860, United States",-0.10733273261692325,0.10733273261692325
cat__driver_Johnny,-0.0892484764124328,0.0892484764124328
"cat__display_name_198, Lynne Lane, Oakland, Burrillville, Providence County, Rhode Island, 02839, United States",0.08906935952722445,0.08906935952722445
"cat__display_name_916, Putnam Pike, Chepachet, Glocester, Providence County, Rhode Island, 02814, United States",-0.08006261271176737,0.08006261271176737
"cat__display_name_4125, Diamond Hill Road, Diamond Hill, Cumberland, Providence County, Rhode Island, 02864, United States",0.08000409752536462,0.08000409752536462
cat__day_of_week_5,-0.06965348414446713,0.06965348414446713
"cat__display_name_1, Edgewood Drive, Barrington, Bristol County, Rhode Island, 02806, United States",0.06423980699326609,0.06423980699326609
"cat__display_name_230, Wood Street, Unity Park, Bristol, Bristol County, Rhode Island, 02809, United States",0.06194198523355619,0.06194198523355619
"cat__display_name_Doctor Edward A Ricci School, 51, Intervale Avenue, Allendale, North Providence, Providence County, Rhode Island, 02904, United States",-0.04891551248024807,0.04891551248024807
"cat__display_name_167, Ticonderoga Drive, Kettle Corner, Warwick, Kent County, Rhode Island, 02889, United States",0.03326089738889159,0.03326089738889159
"cat__display_name_1859, Atwood Avenue, Johnston, Providence County, Rhode Island, 02919, United States",-0.031008878781146727,0.031008878781146727
num__previous_days_since,-0.004042916965184237,0.004042916965184237
