bin_cluster_id,bin_id,location_name_primary,location_norm,primary_display_name,other_display_names,seed_display_names,distance_display_names,all_grouped_display_names,grouped_display_name_count,labeled_stop_count,display_association_stop_count,distance_association_stop_count,association_only_stop_count,associated_stop_count,primary_lat,primary_lon,centroid_lat,centroid_lon,max_distance_association_m
BIN021,BIN021,BIN Cranston Ice Rink,CRANSTON ICE RINK,"900, Phenix Avenue, Cranston, Providence County, Rhode Island, 02921, United States",[],"[""900, Phenix Avenue, Cranston, Providence County, Rhode Island, 02921, United States""]",[],"[""900, Phenix Avenue, Cranston, Providence County, Rhode Island, 02921, United States""]",1,506,160,0,160,666,41.759464,-71.486531,41.759464,-71.486531,0.0
BIN081,BIN081,BIN South County YMCA,SOUTH COUNTY YMCA,"165, Broad Rock Road, Mooresfield, Peacedale, South Kingstown, South County, Rhode Island, 02879, United States",[],"[""165, Broad Rock Road, Mooresfield, Peacedale, South Kingstown, South County, Rhode Island, 02879, United States""]",[],"[""165, Broad Rock Road, Mooresfield, Peacedale, South Kingstown, South County, Rhode Island, 02879, United States""]",1,370,140,0,140,510,41.450577,-71.486269,41.450577,-71.486269,0.0
BIN086,BIN086,BIN St James Lutheran Church,ST JAMES LUTHERAN CHURCH,"49, Middle Highway, Barrington, Bristol County, Rhode Island, 02806, United States","[""1, Edgewood Drive, Barrington, Bristol County, Rhode Island, 02806, United States"", ""649, County Road, Peck Corner, Barrington, Bristol County, Rhode Island, 02806, United States""]","[""49, Middle Highway, Barrington, Bristol County, Rhode Island, 02806, United States""]","[""1, Edgewood Drive, Barrington, Bristol County, Rhode Island, 02806, United States"", ""649, County Road, Peck Corner, Barrington, Bristol County, Rhode Island, 02806, United States""]","[""1, Edgewood Drive, Barrington, Bristol County, Rhode Island, 02806, United States"", ""49, Middle Highway, Barrington, Bristol County, Rhode Island, 02806, United States"", ""649, County Road, Peck Corner, Barrington, Bristol County, Rhode Island, 02806, United States""]",3,405,85,13,98,503,41.7574478,-71.3310642,41.7574478,-71.3310642,74.54
BIN080,BIN080,BIN Smithfield Commons,SMITHFIELD COMMONS,"400, Putnam Pike, Smithfield, Providence County, Rhode Island, 02917, United States","[""Landmark Primary Care, 400, Putnam Pike, Smithfield, Providence County, Rhode Island, 02917, United States""]","[""400, Putnam Pike, Smithfield, Providence County, Rhode Island, 02917, United States"", ""Landmark Primary Care, 400, Putnam Pike, Smithfield, Providence County, Rhode Island, 02917, United States""]",[],"[""400, Putnam Pike, Smithfield, Providence County, Rhode Island, 02917, United States"", ""Landmark Primary Care, 400, Putnam Pike, Smithfield, Providence County, Rhode Island, 02917, United States""]",2,464,37,0,37,501,41.8700446,-71.5276516,41.8700446,-71.5276516,0.0
BIN036,BIN036,BIN Fr. John Doyle School,FR. JOHN DOYLE SCHOOL,"341, South Main Street, Washington, Tiogue, Coventry, Kent County, Rhode Island, 02816, United States","[""343, South Main Street, Washington, Tiogue, Coventry, Kent County, Rhode Island, 02816, United States""]","[""341, South Main Street, Washington, Tiogue, Coventry, Kent County, Rhode Island, 02816, United States""]","[""343, South Main Street, Washington, Tiogue, Coventry, Kent County, Rhode Island, 02816, United States""]","[""341, South Main Street, Washington, Tiogue, Coventry, Kent County, Rhode Island, 02816, United States"", ""343, South Main Street, Washington, Tiogue, Coventry, Kent County, Rhode Island, 02816, United States""]",2,414,47,1,48,462,41.6804104,-71.574538,41.6804104,-71.574538,0.65
BIN012,BIN012,BIN Childrens Workshop Smithfield,CHILDRENS WORKSHOP SMITHFIELD,"22, Cedar Swamp Road, Greenville, Smithfield, Providence County, Rhode Island, 02917, United States",[],"[""22, Cedar Swamp Road, Greenville, Smithfield, Providence County, Rhode Island, 02917, United States""]",[],"[""22, Cedar Swamp Road, Greenville, Smithfield, Providence County, Rhode Island, 02917, United States""]",1,407,46,0,46,453,41.8746159,-71.5333895,41.8746159,-71.5333895,0.0
BIN031,BIN031,BIN East Side YMCA,EAST SIDE YMCA,"East Side/Mount Hope YMCA, 438, Hope Street, Blackstone, Providence, Providence County, Rhode Island, 02906, United States","[""12, Montague Street, Blackstone, Providence, Providence County, Rhode Island, 02906, United States"", ""219, Howell Street, Providence, Providence County, Rhode Island, 02906, United States""]","[""East Side/Mount Hope YMCA, 438, Hope Street, Blackstone, Providence, Providence County, Rhode Island, 02906, United States""]","[""12, Montague Street, Blackstone, Providence, Providence County, Rhode Island, 02906, United States"", ""219, Howell Street, Providence, Providence County, Rhode Island, 02906, United States""]","[""12, Montague Street, Blackstone, Providence, Providence County, Rhode Island, 02906, United States"", ""219, Howell Street, Providence, Providence County, Rhode Island, 02906, United States"", ""East Side/Mount Hope YMCA, 438, Hope Street, Blackstone, Providence, Providence County, Rhode Island, 02906, United States""]",3,403,33,14,47,450,41.8384964,-71.400709,41.8384964,-71.400709,97.7
BIN077,BIN077,BIN Rose Hill Transfer Station,ROSE HILL TRANSFER STATION,"163, Rose Hill Road, South Kingstown, South County, Rhode Island, 02879, United States",[],"[""163, Rose Hill Road, South Kingstown, South County, Rhode Island, 02879, United States""]",[],"[""163, Rose Hill Road, South Kingstown, South County, Rhode Island, 02879, United States""]",1,272,150,0,150,422,41.4694981,-71.4951539,41.4694981,-71.4951539,0.0
BIN059,BIN059,BIN North Providence Senior Center,NORTH PROVIDENCE SENIOR CENTER,"2, Atlantic Boulevard, Centerdale, North Providence, Providence County, Rhode Island, 02911, United States",[],"[""2, Atlantic Boulevard, Centerdale, North Providence, Providence County, Rhode Island, 02911, United States""]",[],"[""2, Atlantic Boulevard, Centerdale, North Providence, Providence County, Rhode Island, 02911, United States""]",1,361,35,0,35,396,41.854507,-71.473696,41.854507,-71.473696,0.0
BIN023,BIN023,BIN Cranston YMCA,CRANSTON YMCA,"Cranston YMCA, 1225, Park Avenue, Cranston, Providence County, Rhode Island, 02910, United States","[""WebsterBank, 1215, Park Avenue, Cranston, Providence County, Rhode Island, 02910, United States""]","[""Cranston YMCA, 1225, Park Avenue, Cranston, Providence County, Rhode Island, 02910, United States""]","[""WebsterBank, 1215, Park Avenue, Cranston, Providence County, Rhode Island, 02910, United States""]","[""Cranston YMCA, 1225, Park Avenue, Cranston, Providence County, Rhode Island, 02910, United States"", ""WebsterBank, 1215, Park Avenue, Cranston, Providence County, Rhode Island, 02910, United States""]",2,342,53,1,54,396,41.7846737,-71.4526416,41.7846737,-71.4526416,86.8
BIN024,BIN024,BIN Crestar,CRESTAR,"51, Liberty Street, East Greenwich, Kent County, Rhode Island, 02818, United States",[],"[""51, Liberty Street, East Greenwich, Kent County, Rhode Island, 02818, United States""]",[],"[""51, Liberty Street, East Greenwich, Kent County, Rhode Island, 02818, United States""]",1,279,60,0,60,339,41.6583993,-71.4524198,41.6583993,-71.4524198,0.0
BIN091,BIN091,BIN St Pauls Lutheran Church,ST PAULS LUTHERAN CHURCH,"389, Greenwich Avenue, Warwick, Kent County, Rhode Island, 02886, United States",[],"[""389, Greenwich Avenue, Warwick, Kent County, Rhode Island, 02886, United States""]",[],"[""389, Greenwich Avenue, Warwick, Kent County, Rhode Island, 02886, United States""]",1,286,51,0,51,337,41.7239469,-71.4699137,41.7239469,-71.4699137,0.0
BIN022,BIN022,BIN Cranston Police Dept,CRANSTON POLICE DEPT,"5, Garfield Avenue, Cranston, Providence County, Rhode Island, 02920, United States","[""Cranston Police Department, 5, Garfield Avenue, Cranston, Providence County, Rhode Island, 02920, United States""]","[""5, Garfield Avenue, Cranston, Providence County, Rhode Island, 02920, United States"", ""Cranston Police Department, 5, Garfield Avenue, Cranston, Providence County, Rhode Island, 02920, United States""]",[],"[""5, Garfield Avenue, Cranston, Providence County, Rhode Island, 02920, United States"", ""Cranston Police Department, 5, Garfield Avenue, Cranston, Providence County, Rhode Island, 02920, United States""]",2,177,30,0,30,207,41.7965552,-71.4422683,41.7965552,-71.4422683,0.0
BIN055,BIN055,BIN Newport Senior Center,NEWPORT SENIOR CENTER,"35, King Street, Newport, Newport County, Rhode Island, 02840, United States","[""1, King Street, Newport, Newport County, Rhode Island, 02840, United States""]","[""35, King Street, Newport, Newport County, Rhode Island, 02840, United States""]","[""1, King Street, Newport, Newport County, Rhode Island, 02840, United States""]","[""1, King Street, Newport, Newport County, Rhode Island, 02840, United States"", ""35, King Street, Newport, Newport County, Rhode Island, 02840, United States""]",2,177,20,6,26,203,41.4828,-71.310518,41.4828,-71.310518,59.27
BIN017,BIN017,BIN Community Baptist Church,COMMUNITY BAPTIST CHURCH,"50, Dr Marcus Wheatland Boulevard, Newport, Newport County, Rhode Island, 02840, United States","[""12, Callendar Avenue, Newport, Newport County, Rhode Island, 02840, United States"", ""7, Davis Court, Newport, Newport County, Rhode Island, 02840, United States""]","[""50, Dr Marcus Wheatland Boulevard, Newport, Newport County, Rhode Island, 02840, United States""]","[""12, Callendar Avenue, Newport, Newport County, Rhode Island, 02840, United States"", ""7, Davis Court, Newport, Newport County, Rhode Island, 02840, United States""]","[""12, Callendar Avenue, Newport, Newport County, Rhode Island, 02840, United States"", ""50, Dr Marcus Wheatland Boulevard, Newport, Newport County, Rhode Island, 02840, United States"", ""7, Davis Court, Newport, Newport County, Rhode Island, 02840, United States""]",3,174,17,2,19,193,41.493324,-71.311622,41.493324,-71.311622,98.41
BIN062,BIN062,BIN Oaklawn Car Wash,OAKLAWN CAR WASH,"801, Oaklawn Avenue, Oaklawn, Cranston, Providence County, Rhode Island, 02920, United States",[],"[""801, Oaklawn Avenue, Oaklawn, Cranston, Providence County, Rhode Island, 02920, United States""]",[],"[""801, Oaklawn Avenue, Oaklawn, Cranston, Providence County, Rhode Island, 02920, United States""]",1,153,37,0,37,190,41.7511359,-71.4777777,41.7511359,-71.4777777,0.0
BIN019,BIN019,BIN Coventry Public Works,COVENTRY PUBLIC WORKS,"1675, Flat River Road, Coventry, Kent County, Rhode Island, 02816, United States","[""1688, Flat River Road, Coventry, Kent County, Rhode Island, 02816, United States"", ""Coventry Town Hall, 1670, Flat River Road, Coventry, Kent County, Rhode Island, 02816, United States""]","[""1675, Flat River Road, Coventry, Kent County, Rhode Island, 02816, United States"", ""1688, Flat River Road, Coventry, Kent County, Rhode Island, 02816, United States"", ""Coventry Town Hall, 1670, Flat River Road, Coventry, Kent County, Rhode Island, 02816, United States""]",[],"[""1675, Flat River Road, Coventry, Kent County, Rhode Island, 02816, United States"", ""1688, Flat River Road, Coventry, Kent County, Rhode Island, 02816, United States"", ""Coventry Town Hall, 1670, Flat River Road, Coventry, Kent County, Rhode Island, 02816, United States""]",3,143,47,0,47,190,41.7014322,-71.5911342,41.7014322,-71.5911342,0.0
BIN020,BIN020,BIN Cranston Fire Dept,CRANSTON FIRE DEPT,"Cranston Fire Department Station 6, 1155, Scituate Avenue, Cranston, Providence County, Rhode Island, 02921, United States",[],"[""Cranston Fire Department Station 6, 1155, Scituate Avenue, Cranston, Providence County, Rhode Island, 02921, United States""]",[],"[""Cranston Fire Department Station 6, 1155, Scituate Avenue, Cranston, Providence County, Rhode Island, 02921, United States""]",1,157,32,0,32,189,41.781,-71.5159,41.781,-71.5159,0.0
BIN110,BIN110,BIN Whelan Elementary School,WHELAN ELEMENTARY SCHOOL,"1440, Mineral Spring Avenue, Marieville, North Providence, Providence County, Rhode Island, 02904, United States",[],"[""1440, Mineral Spring Avenue, Marieville, North Providence, Providence County, Rhode Island, 02904, United States""]",[],"[""1440, Mineral Spring Avenue, Marieville, North Providence, Providence County, Rhode Island, 02904, United States""]",1,152,37,0,37,189,41.86588,-71.4428882,41.86588,-71.4428882,0.0
BIN061,BIN061,BIN Oakland Beach Boys & Girls Club,OAKLAND BEACH BOYS & GIRLS CLUB,"340, Oakland Beach Avenue, Oakland Beach, Warwick, Kent County, Rhode Island, 02889, United States",[],"[""340, Oakland Beach Avenue, Oakland Beach, Warwick, Kent County, Rhode Island, 02889, United States""]",[],"[""340, Oakland Beach Avenue, Oakland Beach, Warwick, Kent County, Rhode Island, 02889, United States""]",1,155,30,0,30,185,41.6999201,-71.3988487,41.6999201,-71.3988487,0.0
BIN068,BIN068,BIN Pawtucket Public Works,PAWTUCKET PUBLIC WORKS,"250, Armistice Boulevard, Pawtucket, Providence County, Rhode Island, 02860, United States",[],"[""250, Armistice Boulevard, Pawtucket, Providence County, Rhode Island, 02860, United States""]",[],"[""250, Armistice Boulevard, Pawtucket, Providence County, Rhode Island, 02860, United States""]",1,149,33,0,33,182,41.8807328,-71.3652798,41.8807328,-71.3652798,0.0
BIN002,BIN002,BIN Barrington YMCA,BARRINGTON YMCA,"Bayside YMCA, 70, West Street, Barrington, Bristol County, Rhode Island, 02806, United States",[],"[""Bayside YMCA, 70, West Street, Barrington, Bristol County, Rhode Island, 02806, United States""]",[],"[""Bayside YMCA, 70, West Street, Barrington, Bristol County, Rhode Island, 02806, United States""]",1,146,32,0,32,178,41.7364407,-71.3112278,41.7364407,-71.3112278,0.0
BIN089,BIN089,BIN St Lukes Pawtucket,ST LUKES PAWTUCKET,"670, Weeden Street, Fairlawn, Pawtucket, Providence County, Rhode Island, 02860, United States","[""193, Columbia Avenue, Fairlawn, Pawtucket, Providence County, Rhode Island, 02860, United States"", ""647, Weeden Street, Fairlawn, Pawtucket, Providence County, Rhode Island, 02860, United States""]","[""670, Weeden Street, Fairlawn, Pawtucket, Providence County, Rhode Island, 02860, United States""]","[""193, Columbia Avenue, Fairlawn, Pawtucket, Providence County, Rhode Island, 02860, United States"", ""647, Weeden Street, Fairlawn, Pawtucket, Providence County, Rhode Island, 02860, United States""]","[""193, Columbia Avenue, Fairlawn, Pawtucket, Providence County, Rhode Island, 02860, United States"", ""647, Weeden Street, Fairlawn, Pawtucket, Providence County, Rhode Island, 02860, United States"", ""670, Weeden Street, Fairlawn, Pawtucket, Providence County, Rhode Island, 02860, United States""]",3,136,38,2,40,176,41.877821,-71.411667,41.877821,-71.411667,93.47
BIN070,BIN070,BIN Pilgrim Lutheran,PILGRIM LUTHERAN,"1817, Warwick Avenue, Warwick, Kent County, Rhode Island, 02889, United States","[""1811, Warwick Avenue, Warwick, Kent County, Rhode Island, 02889, United States""]","[""1817, Warwick Avenue, Warwick, Kent County, Rhode Island, 02889, United States""]","[""1811, Warwick Avenue, Warwick, Kent County, Rhode Island, 02889, United States""]","[""1811, Warwick Avenue, Warwick, Kent County, Rhode Island, 02889, United States"", ""1817, Warwick Avenue, Warwick, Kent County, Rhode Island, 02889, United States""]",2,136,30,1,31,167,41.7271006,-71.4055175,41.7271006,-71.4055175,0.98
BIN053,BIN053,BIN Newport City Yard,NEWPORT CITY YARD,"80, Halsey Street, Newport, Newport County, Rhode Island, 02840, United States",[],"[""80, Halsey Street, Newport, Newport County, Rhode Island, 02840, United States""]",[],"[""80, Halsey Street, Newport, Newport County, Rhode Island, 02840, United States""]",1,144,19,0,19,163,41.5041108,-71.314966,41.5041108,-71.314966,0.0
BIN092,BIN092,BIN St Thomas Church,ST THOMAS CHURCH,"65, Fruit Hill Avenue, Manton, Providence, Providence County, Rhode Island, 02911, United States","[""69, Westcott Avenue, Manton, Providence, Providence County, Rhode Island, 02909, United States""]","[""65, Fruit Hill Avenue, Manton, Providence, Providence County, Rhode Island, 02911, United States""]","[""69, Westcott Avenue, Manton, Providence, Providence County, Rhode Island, 02909, United States""]","[""65, Fruit Hill Avenue, Manton, Providence, Providence County, Rhode Island, 02911, United States"", ""69, Westcott Avenue, Manton, Providence, Providence County, Rhode Island, 02909, United States""]",2,133,27,2,29,162,41.835072,-71.4681006,41.835072,-71.4681006,94.9
BIN103,BIN103,BIN West Greenwich Transfer Station,WEST GREENWICH TRANSFER STATION,"68, Bates Trail, West Greenwich, Kent County, Rhode Island, 02817, United States",[],"[""68, Bates Trail, West Greenwich, Kent County, Rhode Island, 02817, United States""]",[],"[""68, Bates Trail, West Greenwich, Kent County, Rhode Island, 02817, United States""]",1,134,27,0,27,161,41.6233908,-71.5523444,41.6233908,-71.5523444,0.0
BIN079,BIN079,BIN Seekonk YMCA,SEEKONK YMCA,"472, Taunton Avenue, Seekonk, Bristol County, Massachusetts, 02271, United States","[""472, \""ref\""=>\""US 44\"", \""name\""=>\""Taunton Avenue\"", \""name:en\""=>\""Taunton Avenue\"", 02771, TIGER extrapolate/snap""]","[""472, Taunton Avenue, Seekonk, Bristol County, Massachusetts, 02271, United States""]","[""472, \""ref\""=>\""US 44\"", \""name\""=>\""Taunton Avenue\"", \""name:en\""=>\""Taunton Avenue\"", 02771, TIGER extrapolate/snap""]","[""472, \""ref\""=>\""US 44\"", \""name\""=>\""Taunton Avenue\"", \""name:en\""=>\""Taunton Avenue\"", 02771, TIGER extrapolate/snap"", ""472, Taunton Avenue, Seekonk, Bristol County, Massachusetts, 02271, United States""]",2,131,27,1,28,159,41.8273783,-71.3263794,41.8273783,-71.3263794,24.54
BIN085,BIN085,BIN St James Episcopal Church,ST JAMES EPISCOPAL CHURCH,"24, Hamlet Avenue, Hamlet, Woonsocket, Providence County, Rhode Island, 02895, United States","[""Church of the Precious Blood, 24, Hamlet Avenue, Hamlet, Woonsocket, Providence County, Rhode Island, 02895, United States""]","[""24, Hamlet Avenue, Hamlet, Woonsocket, Providence County, Rhode Island, 02895, United States"", ""Church of the Precious Blood, 24, Hamlet Avenue, Hamlet, Woonsocket, Providence County, Rhode Island, 02895, United States""]",[],"[""24, Hamlet Avenue, Hamlet, Woonsocket, Providence County, Rhode Island, 02895, United States"", ""Church of the Precious Blood, 24, Hamlet Avenue, Hamlet, Woonsocket, Providence County, Rhode Island, 02895, United States""]",2,130,26,0,26,156,42.00255,-71.5093555,42.00255,-71.5093555,0.0
BIN047,BIN047,BIN Lincoln YMCA,LINCOLN YMCA,"26, Breakneck Hill Road, Lincoln, Providence County, Rhode Island, 02865, United States","[""11, Breakneck Hill Road, Lincoln, Providence County, Rhode Island, 02865, United States""]","[""26, Breakneck Hill Road, Lincoln, Providence County, Rhode Island, 02865, United States""]","[""11, Breakneck Hill Road, Lincoln, Providence County, Rhode Island, 02865, United States""]","[""11, Breakneck Hill Road, Lincoln, Providence County, Rhode Island, 02865, United States"", ""26, Breakneck Hill Road, Lincoln, Providence County, Rhode Island, 02865, United States""]",2,127,24,5,29,156,41.9031021,-71.4450559,41.9031021,-71.4450559,19.39
BIN001,BIN001,BIN Almeida VFW Post,ALMEIDA VFW POST,"VFW Post 237, 850, Hope Street, Bristol, Bristol County, Rhode Island, 02809, United States","[""Creek Lane, Bristol, Bristol County, Rhode Island, 02809, United States""]","[""VFW Post 237, 850, Hope Street, Bristol, Bristol County, Rhode Island, 02809, United States""]","[""Creek Lane, Bristol, Bristol County, Rhode Island, 02809, United States""]","[""Creek Lane, Bristol, Bristol County, Rhode Island, 02809, United States"", ""VFW Post 237, 850, Hope Street, Bristol, Bristol County, Rhode Island, 02809, United States""]",2,128,26,1,27,155,41.6791722,-71.2780706,41.6791722,-71.2780706,64.53
BIN027,BIN027,BIN Cup Defenders,CUP DEFENDERS,"230, Wood Street, Unity Park, Bristol, Bristol County, Rhode Island, 02809, United States","[""10, Catherine Street, Bristol, Bristol County, Rhode Island, 02809, United States"", ""20, Cooke Street, Bristol, Bristol County, Rhode Island, 02809, United States""]","[""230, Wood Street, Unity Park, Bristol, Bristol County, Rhode Island, 02809, United States""]","[""10, Catherine Street, Bristol, Bristol County, Rhode Island, 02809, United States"", ""20, Cooke Street, Bristol, Bristol County, Rhode Island, 02809, United States""]","[""10, Catherine Street, Bristol, Bristol County, Rhode Island, 02809, United States"", ""20, Cooke Street, Bristol, Bristol County, Rhode Island, 02809, United States"", ""230, Wood Street, Unity Park, Bristol, Bristol County, Rhode Island, 02809, United States""]",3,128,25,2,27,155,41.6675447,-71.2696398,41.6675447,-71.2696398,93.35
BIN045,BIN045,BIN Limerock Baptist Church,LIMEROCK BAPTIST CHURCH,"Great Road, Lincoln, Providence County, Rhode Island, 02865, United States",[],"[""Great Road, Lincoln, Providence County, Rhode Island, 02865, United States""]",[],"[""Great Road, Lincoln, Providence County, Rhode Island, 02865, United States""]",1,126,29,0,29,155,41.9135504,-71.4371144,41.9135504,-71.4371144,0.0
BIN078,BIN078,BIN Salve Regina- Miley Hall,SALVE REGINA- MILEY HALL,"Salve Regina University, 100, Ochre Point Avenue, Newport, Newport County, Rhode Island, 02840, United States",[],"[""Salve Regina University, 100, Ochre Point Avenue, Newport, Newport County, Rhode Island, 02840, United States""]",[],"[""Salve Regina University, 100, Ochre Point Avenue, Newport, Newport County, Rhode Island, 02840, United States""]",1,139,15,0,15,154,41.471202,-71.3004917,41.471202,-71.3004917,0.0
BIN026,BIN026,BIN Cumberland Police Dept,CUMBERLAND POLICE DEPT,"Old Cumberland Police Department, 1380, Diamond Hill Road, Monastery Heights, Cumberland, Providence County, Rhode Island, 02864, United States","[""1341, Diamond Hill Road, Monastery Heights, Cumberland, Providence County, Rhode Island, 02864, United States"", ""16, Roland Street, Cumberland, Providence County, Rhode Island, 02864, United States""]","[""Old Cumberland Police Department, 1380, Diamond Hill Road, Monastery Heights, Cumberland, Providence County, Rhode Island, 02864, United States""]","[""1341, Diamond Hill Road, Monastery Heights, Cumberland, Providence County, Rhode Island, 02864, United States"", ""16, Roland Street, Cumberland, Providence County, Rhode Island, 02864, United States""]","[""1341, Diamond Hill Road, Monastery Heights, Cumberland, Providence County, Rhode Island, 02864, United States"", ""16, Roland Street, Cumberland, Providence County, Rhode Island, 02864, United States"", ""Old Cumberland Police Department, 1380, Diamond Hill Road, Monastery Heights, Cumberland, Providence County, Rhode Island, 02864, United States""]",3,128,23,3,26,154,41.9293141,-71.4018617,41.9293141,-71.4018617,95.9
BIN072,BIN072,BIN Portsmouth Transfer Station,PORTSMOUTH TRANSFER STATION,"Hedly Street, Portsmouth, Newport County, Rhode Island, 02871, United States","[""201, Hedly Street, Portsmouth, Newport County, Rhode Island, 02871, United States""]","[""Hedly Street, Portsmouth, Newport County, Rhode Island, 02871, United States""]","[""201, Hedly Street, Portsmouth, Newport County, Rhode Island, 02871, United States""]","[""201, Hedly Street, Portsmouth, Newport County, Rhode Island, 02871, United States"", ""Hedly Street, Portsmouth, Newport County, Rhode Island, 02871, United States""]",2,131,21,1,22,153,41.592447,-71.2593866,41.592447,-71.2593866,73.89
BIN063,BIN063,BIN Oaklawn Library,OAKLAWN LIBRARY,"Oak Lawn Branch Cranston Public Library, 230, Wilbur Avenue, Cranston, Providence County, Rhode Island, 02921, United States",[],"[""Oak Lawn Branch Cranston Public Library, 230, Wilbur Avenue, Cranston, Providence County, Rhode Island, 02921, United States""]",[],"[""Oak Lawn Branch Cranston Public Library, 230, Wilbur Avenue, Cranston, Providence County, Rhode Island, 02921, United States""]",1,128,24,0,24,152,41.7496998,-71.4863723,41.7496998,-71.4863723,0.0
BIN096,BIN096,BIN Tiverton Transfer Station,TIVERTON TRANSFER STATION,"10, Wampanog Lane, Grayville, Tiverton, Newport County, Rhode Island, 02878, United States","[""300, Industrial Way, Tiverton, Newport County, Rhode Island, 02878, United States""]","[""10, Wampanog Lane, Grayville, Tiverton, Newport County, Rhode Island, 02878, United States"", ""300, Industrial Way, Tiverton, Newport County, Rhode Island, 02878, United States""]",[],"[""10, Wampanog Lane, Grayville, Tiverton, Newport County, Rhode Island, 02878, United States"", ""300, Industrial Way, Tiverton, Newport County, Rhode Island, 02878, United States""]",2,128,23,0,23,151,41.5818729,-71.1927715,41.5818729,-71.1927715,0.0
BIN098,BIN098,BIN Warren Engine 3,WARREN ENGINE 3,"3, Vernon Street, Warren, Bristol County, Rhode Island, 02885, United States",[],"[""3, Vernon Street, Warren, Bristol County, Rhode Island, 02885, United States""]",[],"[""3, Vernon Street, Warren, Bristol County, Rhode Island, 02885, United States""]",1,128,23,0,23,151,41.7217809,-71.2810114,41.7217809,-71.2810114,0.0
BIN033,BIN033,BIN Exeter Town Hall,EXETER TOWN HALL,"Exeter Town Hall, 675, Ten Rod Road, Exeter, South County, Rhode Island, 02822, United States",[],"[""Exeter Town Hall, 675, Ten Rod Road, Exeter, South County, Rhode Island, 02822, United States""]",[],"[""Exeter Town Hall, 675, Ten Rod Road, Exeter, South County, Rhode Island, 02822, United States""]",1,127,24,0,24,151,41.580089,-71.5777967,41.580089,-71.5777967,0.0
BIN111,BIN111,BIN Women's Resource Center,WOMEN'S RESOURCE CENTER,"624, Main Street, Warren, Bristol County, Rhode Island, 02885, United States","[""15, Wheaton Street, Warren, Bristol County, Rhode Island, 02885, United States""]","[""624, Main Street, Warren, Bristol County, Rhode Island, 02885, United States""]","[""15, Wheaton Street, Warren, Bristol County, Rhode Island, 02885, United States""]","[""15, Wheaton Street, Warren, Bristol County, Rhode Island, 02885, United States"", ""624, Main Street, Warren, Bristol County, Rhode Island, 02885, United States""]",2,124,26,1,27,151,41.726327,-71.281511,41.726327,-71.281511,92.82
BIN074,BIN074,BIN Ray's Polyclean,RAY'S POLYCLEAN,"Ray's Polyclean Center, 1015, Main Street, West Warwick, Kent County, Rhode Island, 02893, United States",[],"[""Ray's Polyclean Center, 1015, Main Street, West Warwick, Kent County, Rhode Island, 02893, United States""]",[],"[""Ray's Polyclean Center, 1015, Main Street, West Warwick, Kent County, Rhode Island, 02893, United States""]",1,122,29,0,29,151,41.7141703,-71.5241004,41.7141703,-71.5241004,0.0
BIN034,BIN034,BIN Exeter Transfer Station,EXETER TRANSFER STATION,"890, Ten Rod Road, Exeter, South County, Rhode Island, 02822, United States","[""875, Ten Rod Road, Exeter, South County, Rhode Island, 02822, United States""]","[""890, Ten Rod Road, Exeter, South County, Rhode Island, 02822, United States""]","[""875, Ten Rod Road, Exeter, South County, Rhode Island, 02822, United States""]","[""875, Ten Rod Road, Exeter, South County, Rhode Island, 02822, United States"", ""890, Ten Rod Road, Exeter, South County, Rhode Island, 02822, United States""]",2,126,22,2,24,150,41.5792704,-71.5951483,41.5792704,-71.5951483,43.2
BIN065,BIN065,BIN Pawtucket Animal Shelter,PAWTUCKET ANIMAL SHELTER,"401, Newport Avenue, Pawtucket, Providence County, Rhode Island, 02861, United States","[""27, Williston Way, Pawtucket, Providence County, Rhode Island, 02861, United States"", ""5, Williston Way, Pawtucket, Providence County, Rhode Island, 02861, United States""]","[""401, Newport Avenue, Pawtucket, Providence County, Rhode Island, 02861, United States""]","[""27, Williston Way, Pawtucket, Providence County, Rhode Island, 02861, United States"", ""5, Williston Way, Pawtucket, Providence County, Rhode Island, 02861, United States""]","[""27, Williston Way, Pawtucket, Providence County, Rhode Island, 02861, United States"", ""401, Newport Avenue, Pawtucket, Providence County, Rhode Island, 02861, United States"", ""5, Williston Way, Pawtucket, Providence County, Rhode Island, 02861, United States""]",3,126,22,2,24,150,41.869877,-71.354266,41.869877,-71.354266,96.86
BIN003,BIN003,BIN Birchwood Middle School,BIRCHWOOD MIDDLE SCHOOL,"Birchwood Middle School, 10, Birchwood Drive, North Providence, Providence County, Rhode Island, 02904, United States",[],"[""Birchwood Middle School, 10, Birchwood Drive, North Providence, Providence County, Rhode Island, 02904, United States""]",[],"[""Birchwood Middle School, 10, Birchwood Drive, North Providence, Providence County, Rhode Island, 02904, United States""]",1,124,26,0,26,150,41.8685302,-71.4510503,41.8685302,-71.4510503,0.0
BIN018,BIN018,BIN Coventry Police Station,COVENTRY POLICE STATION,"40, Wood Street, Washington, Tiogue, Coventry, Kent County, Rhode Island, 02816, United States","[""34, Wood Street, Washington, Tiogue, Coventry, Kent County, Rhode Island, 02816, United States""]","[""40, Wood Street, Washington, Tiogue, Coventry, Kent County, Rhode Island, 02816, United States""]","[""34, Wood Street, Washington, Tiogue, Coventry, Kent County, Rhode Island, 02816, United States""]","[""34, Wood Street, Washington, Tiogue, Coventry, Kent County, Rhode Island, 02816, United States"", ""40, Wood Street, Washington, Tiogue, Coventry, Kent County, Rhode Island, 02816, United States""]",2,124,25,1,26,150,41.685538,-71.5659039,41.685538,-71.5659039,18.7
BIN030,BIN030,BIN EA Ricci Middle School,EA RICCI MIDDLE SCHOOL,"Doctor Edward A Ricci School, 51, Intervale Avenue, Allendale, North Providence, Providence County, Rhode Island, 02904, United States",[],"[""Doctor Edward A Ricci School, 51, Intervale Avenue, Allendale, North Providence, Providence County, Rhode Island, 02904, United States""]",[],"[""Doctor Edward A Ricci School, 51, Intervale Avenue, Allendale, North Providence, Providence County, Rhode Island, 02904, United States""]",1,124,26,0,26,150,41.8481637,-71.4711936,41.8481637,-71.4711936,0.0
BIN088,BIN088,BIN St Lukes East Greenwich,ST LUKES EAST GREENWICH,"Saint Luke's Episcopal Church, 99, Peirce Street, East Greenwich, Kent County, Rhode Island, 02818, United States",[],"[""Saint Luke's Episcopal Church, 99, Peirce Street, East Greenwich, Kent County, Rhode Island, 02818, United States""]",[],"[""Saint Luke's Episcopal Church, 99, Peirce Street, East Greenwich, Kent County, Rhode Island, 02818, United States""]",1,123,27,0,27,150,41.6612954,-71.4515547,41.6612954,-71.4515547,0.0
BIN043,BIN043,BIN Kent County Realtors,KENT COUNTY REALTORS,"2240, South County Trail, East Greenwich, Kent County, Rhode Island, 02818, United States",[],"[""2240, South County Trail, East Greenwich, Kent County, Rhode Island, 02818, United States""]",[],"[""2240, South County Trail, East Greenwich, Kent County, Rhode Island, 02818, United States""]",1,122,28,0,28,150,41.6348086,-71.4918978,41.6348086,-71.4918978,0.0
BIN044,BIN044,BIN Kent County YMCA,KENT COUNTY YMCA,"900, Centerville Road, Warwick, Kent County, Rhode Island, 02886, United States",[],"[""900, Centerville Road, Warwick, Kent County, Rhode Island, 02886, United States""]",[],"[""900, Centerville Road, Warwick, Kent County, Rhode Island, 02886, United States""]",1,122,28,0,28,150,41.696789,-71.493294,41.696789,-71.493294,0.0
BIN109,BIN109,BIN Westerly Transfer station,WESTERLY TRANSFER STATION,"Town Landfill Road, Westerly, South County, Rhode Island, 29644, United States",[],"[""Town Landfill Road, Westerly, South County, Rhode Island, 29644, United States""]",[],"[""Town Landfill Road, Westerly, South County, Rhode Island, 29644, United States""]",1,147,2,0,2,149,41.3823361,-71.8018579,41.3823361,-71.8018579,0.0
BIN102,BIN102,BIN West Greenwich Town Halls,WEST GREENWICH TOWN HALLS,"West Greenwich Town Hall, 280, Victory Highway, West Greenwich, Kent County, Rhode Island, 02817, United States",[],"[""West Greenwich Town Hall, 280, Victory Highway, West Greenwich, Kent County, Rhode Island, 02817, United States""]",[],"[""West Greenwich Town Hall, 280, Victory Highway, West Greenwich, Kent County, Rhode Island, 02817, United States""]",1,124,25,0,25,149,41.6399349,-71.6881025,41.6399349,-71.6881025,0.0
BIN038,BIN038,BIN Greystone Elementary School,GREYSTONE ELEMENTARY SCHOOL,"Greystone Elementary School, 100, Morgan Avenue, Centerdale, North Providence, Providence County, Rhode Island, 02911, United States",[],"[""Greystone Elementary School, 100, Morgan Avenue, Centerdale, North Providence, Providence County, Rhode Island, 02911, United States""]",[],"[""Greystone Elementary School, 100, Morgan Avenue, Centerdale, North Providence, Providence County, Rhode Island, 02911, United States""]",1,123,26,0,26,149,41.8620024,-71.4831688,41.8620024,-71.4831688,0.0
BIN069,BIN069,BIN Pawtucket Senior Center,PAWTUCKET SENIOR CENTER,"420, Main Street, Pawtucket, Providence County, Rhode Island, 02860, United States","[""166, \""name\""=>\""Hill Street\"", 02860, TIGER extrapolate/snap"", ""174, \""name\""=>\""Hill Street\"", 02860, TIGER extrapolate/snap"", ""80, Hill Street, Pawtucket, Providence County, Rhode Island, 02860, United States""]","[""420, Main Street, Pawtucket, Providence County, Rhode Island, 02860, United States""]","[""166, \""name\""=>\""Hill Street\"", 02860, TIGER extrapolate/snap"", ""174, \""name\""=>\""Hill Street\"", 02860, TIGER extrapolate/snap"", ""80, Hill Street, Pawtucket, Providence County, Rhode Island, 02860, United States""]","[""166, \""name\""=>\""Hill Street\"", 02860, TIGER extrapolate/snap"", ""174, \""name\""=>\""Hill Street\"", 02860, TIGER extrapolate/snap"", ""420, Main Street, Pawtucket, Providence County, Rhode Island, 02860, United States"", ""80, Hill Street, Pawtucket, Providence County, Rhode Island, 02860, United States""]",4,119,25,5,30,149,41.876781,-71.3882203,41.876781,-71.3882203,61.82
BIN039,BIN039,BIN Hendricken High School,HENDRICKEN HIGH SCHOOL,"2615, Warwick Avenue, Kettle Corner, Warwick, Kent County, Rhode Island, 02889, United States","[""167, Ticonderoga Drive, Kettle Corner, Warwick, Kent County, Rhode Island, 02889, United States""]","[""2615, Warwick Avenue, Kettle Corner, Warwick, Kent County, Rhode Island, 02889, United States""]","[""167, Ticonderoga Drive, Kettle Corner, Warwick, Kent County, Rhode Island, 02889, United States""]","[""167, Ticonderoga Drive, Kettle Corner, Warwick, Kent County, Rhode Island, 02889, United States"", ""2615, Warwick Avenue, Kettle Corner, Warwick, Kent County, Rhode Island, 02889, United States""]",2,119,28,1,29,148,41.7069275,-71.3964423,41.7069275,-71.3964423,83.84
BIN048,BIN048,BIN Little Compton Transfer,LITTLE COMPTON TRANSFER,"122, Amy Hart Path, Adamsville, Little Compton, Newport County, Rhode Island, 02837, United States","[""119, Colebrook Road, Adamsville, Little Compton, Newport County, Rhode Island, 02837, United States"", ""124, Colebrook Road, Adamsville, Little Compton, Newport County, Rhode Island, 02837, United States""]","[""119, Colebrook Road, Adamsville, Little Compton, Newport County, Rhode Island, 02837, United States"", ""122, Amy Hart Path, Adamsville, Little Compton, Newport County, Rhode Island, 02837, United States""]","[""124, Colebrook Road, Adamsville, Little Compton, Newport County, Rhode Island, 02837, United States""]","[""119, Colebrook Road, Adamsville, Little Compton, Newport County, Rhode Island, 02837, United States"", ""122, Amy Hart Path, Adamsville, Little Compton, Newport County, Rhode Island, 02837, United States"", ""124, Colebrook Road, Adamsville, Little Compton, Newport County, Rhode Island, 02837, United States""]",3,131,14,2,16,147,41.5475617,-71.1448283,41.5475617,-71.1448283,78.24
BIN046,BIN046,BIN Lincoln Middle School,LINCOLN MIDDLE SCHOOL,"Lincoln Middle School, 152, Jenckes Hill Road, Lincoln, Providence County, Rhode Island, 02865, United States",[],"[""Lincoln Middle School, 152, Jenckes Hill Road, Lincoln, Providence County, Rhode Island, 02865, United States""]",[],"[""Lincoln Middle School, 152, Jenckes Hill Road, Lincoln, Providence County, Rhode Island, 02865, United States""]",1,123,24,0,24,147,41.9102597,-71.4737291,41.9102597,-71.4737291,0.0
BIN112,BIN112,BIN Woonsocket Transfer Station,WOONSOCKET TRANSFER STATION,"943, River Street, Woonsocket, Providence County, Rhode Island, 02895, United States",[],"[""943, River Street, Woonsocket, Providence County, Rhode Island, 02895, United States""]",[],"[""943, River Street, Woonsocket, Providence County, Rhode Island, 02895, United States""]",1,123,23,0,23,146,42.0080849,-71.5279205,42.0080849,-71.5279205,0.0
BIN075,BIN075,BIN Richmond Transfer Station,RICHMOND TRANSFER STATION,"Buttonwoods Road, Wyoming, Richmond, South County, Rhode Island, 02898, United States",[],"[""Buttonwoods Road, Wyoming, Richmond, South County, Rhode Island, 02898, United States""]",[],"[""Buttonwoods Road, Wyoming, Richmond, South County, Rhode Island, 02898, United States""]",1,125,20,0,20,145,41.5221038,-71.6817223,41.5221038,-71.6817223,0.0
BIN009,BIN009,BIN Burrilville Recycling Ctr,BURRILVILLE RECYCLING CTR,"300, Whipple Avenue, Whipple, Oakland, Burrillville, Providence County, Rhode Island, 02858, United States",[],"[""300, Whipple Avenue, Whipple, Oakland, Burrillville, Providence County, Rhode Island, 02858, United States""]",[],"[""300, Whipple Avenue, Whipple, Oakland, Burrillville, Providence County, Rhode Island, 02858, United States""]",1,123,21,0,21,144,41.9640856,-71.6566192,41.9640856,-71.6566192,0.0
BIN014,BIN014,BIN Church of the Holy Spirit,CHURCH OF THE HOLY SPIRIT,"4150, Old Post Road, Fort Ninigret, Charlestown, South County, Rhode Island, 02813, United States",[],"[""4150, Old Post Road, Fort Ninigret, Charlestown, South County, Rhode Island, 02813, United States""]",[],"[""4150, Old Post Road, Fort Ninigret, Charlestown, South County, Rhode Island, 02813, United States""]",1,123,21,0,21,144,41.3855207,-71.6302372,41.3855207,-71.6302372,0.0
BIN037,BIN037,BIN Glocester Hardware,GLOCESTER HARDWARE,"916, Putnam Pike, Chepachet, Glocester, Providence County, Rhode Island, 02814, United States",[],"[""916, Putnam Pike, Chepachet, Glocester, Providence County, Rhode Island, 02814, United States""]",[],"[""916, Putnam Pike, Chepachet, Glocester, Providence County, Rhode Island, 02814, United States""]",1,122,22,0,22,144,41.9051689,-71.6523747,41.9051689,-71.6523747,0.0
BIN008,BIN008,BIN Burrilville Public Works,BURRILVILLE PUBLIC WORKS,"60, Union Avenue, Bridgeton, Pascoag, Burrillville, Providence County, Rhode Island, 02830, United States",[],"[""60, Union Avenue, Bridgeton, Pascoag, Burrillville, Providence County, Rhode Island, 02830, United States""]",[],"[""60, Union Avenue, Bridgeton, Pascoag, Burrillville, Providence County, Rhode Island, 02830, United States""]",1,123,20,0,20,143,41.9666014,-71.6947899,41.9666014,-71.6947899,0.0
BIN064,BIN064,BIN Paine Elementary School,PAINE ELEMENTARY SCHOOL,"160, Foster Center Road, Simmons Corner, Foster, Providence County, Rhode Island, 02825, United States",[],"[""160, Foster Center Road, Simmons Corner, Foster, Providence County, Rhode Island, 02825, United States""]",[],"[""160, Foster Center Road, Simmons Corner, Foster, Providence County, Rhode Island, 02825, United States""]",1,121,21,0,21,142,41.813764,-71.732705,41.813764,-71.732705,0.0
BIN066,BIN066,BIN Pawtucket Boys & Girls Club,PAWTUCKET BOYS & GIRLS CLUB,"1, Moeller Place, Pawtucket, Providence County, Rhode Island, 02860, United States","[""12, Talcott Avenue, Pawtucket, Providence County, Rhode Island, 02860, United States""]","[""1, Moeller Place, Pawtucket, Providence County, Rhode Island, 02860, United States""]","[""12, Talcott Avenue, Pawtucket, Providence County, Rhode Island, 02860, United States""]","[""1, Moeller Place, Pawtucket, Providence County, Rhode Island, 02860, United States"", ""12, Talcott Avenue, Pawtucket, Providence County, Rhode Island, 02860, United States""]",2,117,23,1,24,141,41.864299,-71.375664,41.864299,-71.375664,49.69
BIN097,BIN097,BIN Tockwotton,TOCKWOTTON,"Tockwotton, 500, Waterfront Drive, East Providence, Providence County, Rhode Island, 02914, United States",[],"[""Tockwotton, 500, Waterfront Drive, East Providence, Providence County, Rhode Island, 02914, United States""]",[],"[""Tockwotton, 500, Waterfront Drive, East Providence, Providence County, Rhode Island, 02914, United States""]",1,113,28,0,28,141,41.8154963,-71.3876511,41.8154963,-71.3876511,0.0
BIN056,BIN056,BIN NK Safety Complex,NK SAFETY COMPLEX,"North Kingstown Fire Department Station 1, 8150, Post Road, Wickford, North Kingstown, South County, Rhode Island, 02852, United States",[],"[""North Kingstown Fire Department Station 1, 8150, Post Road, Wickford, North Kingstown, South County, Rhode Island, 02852, United States""]",[],"[""North Kingstown Fire Department Station 1, 8150, Post Road, Wickford, North Kingstown, South County, Rhode Island, 02852, United States""]",1,124,12,0,12,136,41.5765003,-71.4603029,41.5765003,-71.4603029,0.0
BIN016,BIN016,BIN Cold Spring Community Center,COLD SPRING COMMUNITY CENTER,"Wickford Art Association Gallery, 36, Beach Street, Cold Spring Beach, Wickford, North Kingstown, South County, Rhode Island, 02852, United States",[],"[""Wickford Art Association Gallery, 36, Beach Street, Cold Spring Beach, Wickford, North Kingstown, South County, Rhode Island, 02852, United States""]",[],"[""Wickford Art Association Gallery, 36, Beach Street, Cold Spring Beach, Wickford, North Kingstown, South County, Rhode Island, 02852, United States""]",1,122,12,0,12,134,41.5656614,-71.4444146,41.5656614,-71.4444146,0.0
BIN090,BIN090,BIN ST Mark Lutheran Church,ST MARK LUTHERAN CHURCH,"871, Harris Avenue, Woonsocket, Providence County, Rhode Island, 02895, United States","[""814, Harris Avenue, Woonsocket, Providence County, Rhode Island, 02895, United States""]","[""871, Harris Avenue, Woonsocket, Providence County, Rhode Island, 02895, United States""]","[""814, Harris Avenue, Woonsocket, Providence County, Rhode Island, 02895, United States""]","[""814, Harris Avenue, Woonsocket, Providence County, Rhode Island, 02895, United States"", ""871, Harris Avenue, Woonsocket, Providence County, Rhode Island, 02895, United States""]",2,109,23,2,25,134,42.0146666,-71.5270612,42.0146666,-71.5270612,85.75
BIN067,BIN067,BIN Pawtucket City Hall,PAWTUCKET CITY HALL,"137, Roosevelt Avenue, Pawtucket, Providence County, Rhode Island, 02860, United States",[],"[""137, Roosevelt Avenue, Pawtucket, Providence County, Rhode Island, 02860, United States""]",[],"[""137, Roosevelt Avenue, Pawtucket, Providence County, Rhode Island, 02860, United States""]",1,103,30,0,30,133,41.8788998,-71.3824607,41.8788998,-71.3824607,0.0
BIN057,BIN057,BIN North Kingstown Transfer Station,NORTH KINGSTOWN TRANSFER STATION,"345, Devils Foot Road, Davisville, North Kingstown, South County, Rhode Island, 02852, United States",[],"[""345, Devils Foot Road, Davisville, North Kingstown, South County, Rhode Island, 02852, United States""]",[],"[""345, Devils Foot Road, Davisville, North Kingstown, South County, Rhode Island, 02852, United States""]",1,119,12,0,12,131,41.6088577,-71.4685942,41.6088577,-71.4685942,0.0
BIN025,BIN025,BIN Cumberland Parks and Rec,CUMBERLAND PARKS AND REC,"4125, Diamond Hill Road, Diamond Hill, Cumberland, Providence County, Rhode Island, 02864, United States",[],"[""4125, Diamond Hill Road, Diamond Hill, Cumberland, Providence County, Rhode Island, 02864, United States""]",[],"[""4125, Diamond Hill Road, Diamond Hill, Cumberland, Providence County, Rhode Island, 02864, United States""]",1,107,24,0,24,131,41.9986787,-71.4184672,41.9986787,-71.4184672,0.0
BIN099,BIN099,BIN Warren Engine 6,WARREN ENGINE 6,"99, Touisset Road, Warren, Bristol County, Rhode Island, 02885, United States",[],"[""99, Touisset Road, Warren, Bristol County, Rhode Island, 02885, United States""]",[],"[""99, Touisset Road, Warren, Bristol County, Rhode Island, 02885, United States""]",1,107,22,0,22,129,41.7079221,-71.2358731,41.7079221,-71.2358731,0.0
BIN052,BIN052,BIN Narragansett Park & Recreation,NARRAGANSETT PARK & RECREATION,"170, Clarke Road, Narragansett, South County, Rhode Island, 02882, United States","[""21, Alexander Drive, Narragansett, South County, Rhode Island, 02882, United States""]","[""170, Clarke Road, Narragansett, South County, Rhode Island, 02882, United States""]","[""21, Alexander Drive, Narragansett, South County, Rhode Island, 02882, United States""]","[""170, Clarke Road, Narragansett, South County, Rhode Island, 02882, United States"", ""21, Alexander Drive, Narragansett, South County, Rhode Island, 02882, United States""]",2,115,11,1,12,127,41.400507,-71.47803,41.400507,-71.47803,88.6
BIN100,BIN100,BIN Warren Transfer Station,WARREN TRANSFER STATION,"21, Birch Swamp Road, Warren, Bristol County, Rhode Island, 02885, United States",[],"[""21, Birch Swamp Road, Warren, Bristol County, Rhode Island, 02885, United States""]",[],"[""21, Birch Swamp Road, Warren, Bristol County, Rhode Island, 02885, United States""]",1,102,25,0,25,127,41.7430575,-71.266055,41.7430575,-71.266055,0.0
BIN028,BIN028,BIN Domenic Cristofaro Park,DOMENIC CRISTOFARO PARK,"1160, Boston Neck Road, Narragansett, South County, Rhode Island, 02882, United States","[""6, Mitchell Road, Narragansett, South County, Rhode Island, 02882, United States""]","[""1160, Boston Neck Road, Narragansett, South County, Rhode Island, 02882, United States""]","[""6, Mitchell Road, Narragansett, South County, Rhode Island, 02882, United States""]","[""1160, Boston Neck Road, Narragansett, South County, Rhode Island, 02882, United States"", ""6, Mitchell Road, Narragansett, South County, Rhode Island, 02882, United States""]",2,111,12,3,15,126,41.4890278,-71.4375725,41.4890278,-71.4375725,27.35
BIN058,BIN058,BIN North Providence HS,NORTH PROVIDENCE HS,"North Providence High School, 1828, Mineral Spring Avenue, North Providence, Providence County, Rhode Island, 02904, United States",[],"[""North Providence High School, 1828, Mineral Spring Avenue, North Providence, Providence County, Rhode Island, 02904, United States""]",[],"[""North Providence High School, 1828, Mineral Spring Avenue, North Providence, Providence County, Rhode Island, 02904, United States""]",1,123,2,0,2,125,41.8599823,-71.4593133,41.8599823,-71.4593133,0.0
BIN051,BIN051,BIN Narragansett Middle School,NARRAGANSETT MIDDLE SCHOOL,"Narragansett Pier School, 235, South Pier Road, Narragansett Pier, Narragansett, South County, Rhode Island, 02882, United States",[],"[""Narragansett Pier School, 235, South Pier Road, Narragansett Pier, Narragansett, South County, Rhode Island, 02882, United States""]",[],"[""Narragansett Pier School, 235, South Pier Road, Narragansett Pier, Narragansett, South County, Rhode Island, 02882, United States""]",1,113,11,0,11,124,41.428669,-71.4700636,41.428669,-71.4700636,0.0
BIN084,BIN084,BIN ST Elizabeth's Church,ST ELIZABETH'S CHURCH,"St. Elizabeth's Episcopal Church of Rhode Island, 63, Canonchet Road, Hopkinton, South County, Rhode Island, 02832, United States",[],"[""St. Elizabeth's Episcopal Church of Rhode Island, 63, Canonchet Road, Hopkinton, South County, Rhode Island, 02832, United States""]",[],"[""St. Elizabeth's Episcopal Church of Rhode Island, 63, Canonchet Road, Hopkinton, South County, Rhode Island, 02832, United States""]",1,102,19,0,19,121,41.4904943,-71.7501857,41.4904943,-71.7501857,0.0
BIN071,BIN071,BIN Ponagansett High School,PONAGANSETT HIGH SCHOOL,"Ponaganset High School, 137, Anan Wade Road, Glocester, Providence County, Rhode Island, 02857, United States",[],"[""Ponaganset High School, 137, Anan Wade Road, Glocester, Providence County, Rhode Island, 02857, United States""]",[],"[""Ponaganset High School, 137, Anan Wade Road, Glocester, Providence County, Rhode Island, 02857, United States""]",1,103,17,0,17,120,41.865407,-71.7144648,41.865407,-71.7144648,0.0
BIN011,BIN011,BIN Chariho High School,CHARIHO HIGH SCHOOL,"Chariho High School, 453, Switch Road, Wood River Junction, Richmond, South County, Rhode Island, 02894, United States",[],"[""Chariho High School, 453, Switch Road, Wood River Junction, Richmond, South County, Rhode Island, 02894, United States""]",[],"[""Chariho High School, 453, Switch Road, Wood River Junction, Richmond, South County, Rhode Island, 02894, United States""]",1,102,18,0,18,120,41.4496245,-71.695929,41.4496245,-71.695929,0.0
BIN083,BIN083,BIN St Denis Church,ST DENIS CHURCH,"23, Manchaug Street, East Douglas, Douglas, Worcester County, Massachusetts, 01516, United States",[],"[""23, Manchaug Street, East Douglas, Douglas, Worcester County, Massachusetts, 01516, United States""]",[],"[""23, Manchaug Street, East Douglas, Douglas, Worcester County, Massachusetts, 01516, United States""]",1,116,2,0,2,118,42.0765078,-71.718719,42.0765078,-71.718719,0.0
BIN095,BIN095,BIN The Wheeler School,THE WHEELER SCHOOL,"The Wheeler School, 216, Hope Street, College Hill, Providence, Providence County, Rhode Island, 02906, United States","[""235, Angell Street, College Hill, Providence, Providence County, Rhode Island, 02906, United States"", ""Angell at Prescott Library, 216, Hope Street, College Hill, Providence, Providence County, Rhode Island, 02906, United States""]","[""Angell at Prescott Library, 216, Hope Street, College Hill, Providence, Providence County, Rhode Island, 02906, United States"", ""The Wheeler School, 216, Hope Street, College Hill, Providence, Providence County, Rhode Island, 02906, United States""]","[""235, Angell Street, College Hill, Providence, Providence County, Rhode Island, 02906, United States""]","[""235, Angell Street, College Hill, Providence, Providence County, Rhode Island, 02906, United States"", ""Angell at Prescott Library, 216, Hope Street, College Hill, Providence, Providence County, Rhode Island, 02906, United States"", ""The Wheeler School, 216, Hope Street, College Hill, Providence, Providence County, Rhode Island, 02906, United States""]",3,95,22,1,23,118,41.8289551,-71.3982766,41.8289551,-71.3982766,46.93
BIN113,BIN113,BIN Woonsocket YMCA,WOONSOCKET YMCA,"113, Clinton Street, Social, Woonsocket, Providence County, Rhode Island, 02895, United States",[],"[""113, Clinton Street, Social, Woonsocket, Providence County, Rhode Island, 02895, United States""]",[],"[""113, Clinton Street, Social, Woonsocket, Providence County, Rhode Island, 02895, United States""]",1,85,24,0,24,109,42.00429,-71.5110237,42.00429,-71.5110237,0.0
BIN124,BIN124,BIN- St David's Church,ST DAVID'S CHURCH,"200, Meshanticut Valley Parkway, Meshanticut, Cranston, Providence County, Rhode Island, 02920, United States",[],"[""200, Meshanticut Valley Parkway, Meshanticut, Cranston, Providence County, Rhode Island, 02920, United States""]",[],"[""200, Meshanticut Valley Parkway, Meshanticut, Cranston, Providence County, Rhode Island, 02920, United States""]",1,107,0,0,0,107,41.767667,-71.46691,41.767667,-71.46691,0.0
BIN032,BIN032,BIN Emmanuel Lutheran Church,EMMANUEL LUTHERAN CHURCH,"9, New London Avenue, Centerville, Crompton, West Warwick, Kent County, Rhode Island, 02893, United States",[],"[""9, New London Avenue, Centerville, Crompton, West Warwick, Kent County, Rhode Island, 02893, United States""]",[],"[""9, New London Avenue, Centerville, Crompton, West Warwick, Kent County, Rhode Island, 02893, United States""]",1,101,6,0,6,107,41.692875,-71.520473,41.692875,-71.520473,0.0
BIN042,BIN042,BIN Jecnkes Jr. High School,JECNKES JR. HIGH SCHOOL,"Joseph Jenks Junior High School, 350, Division Street, Pawtucket, Providence County, Rhode Island, 02860, United States",[],"[""Joseph Jenks Junior High School, 350, Division Street, Pawtucket, Providence County, Rhode Island, 02860, United States""]",[],"[""Joseph Jenks Junior High School, 350, Division Street, Pawtucket, Providence County, Rhode Island, 02860, United States""]",1,75,24,0,24,99,41.8761272,-71.3707374,41.8761272,-71.3707374,0.0
BIN049,BIN049,BIN Living Hope Church,LIVING HOPE CHURCH,"South County Trail, North Kingstown, South County, Rhode Island, 02877, United States",[],"[""South County Trail, North Kingstown, South County, Rhode Island, 02877, United States""]",[],"[""South County Trail, North Kingstown, South County, Rhode Island, 02877, United States""]",1,90,2,0,2,92,41.5768325,-71.5157728,41.5768325,-71.5157728,0.0
BIN015,BIN015,BIN Clothes to Kids,CLOTHES TO KIDS,"Popeyes, 77, Reservoir Avenue, Elmwood, Providence, Providence County, Rhode Island, 02907, United States",[],"[""Popeyes, 77, Reservoir Avenue, Elmwood, Providence, Providence County, Rhode Island, 02907, United States""]",[],"[""Popeyes, 77, Reservoir Avenue, Elmwood, Providence, Providence County, Rhode Island, 02907, United States""]",1,67,24,0,24,91,41.7943891,-71.42705,41.7943891,-71.42705,0.0
BIN087,BIN087,BIN St John's Church,ST JOHN'S CHURCH,"191, County Road, Barrington, Bristol County, Rhode Island, 02806, United States",[],"[""191, County Road, Barrington, Bristol County, Rhode Island, 02806, United States""]",[],"[""191, County Road, Barrington, Bristol County, Rhode Island, 02806, United States""]",1,86,1,0,1,87,41.7361698,-71.3019336,41.7361698,-71.3019336,0.0
BIN054,BIN054,BIN Newport County YMCA,NEWPORT COUNTY YMCA,"793, Valley Road, Middletown, Newport County, Rhode Island, 02842, United States","[""792, Valley Road, Middletown, Newport County, Rhode Island, 02842, United States""]","[""793, Valley Road, Middletown, Newport County, Rhode Island, 02842, United States""]","[""792, Valley Road, Middletown, Newport County, Rhode Island, 02842, United States""]","[""792, Valley Road, Middletown, Newport County, Rhode Island, 02842, United States"", ""793, Valley Road, Middletown, Newport County, Rhode Island, 02842, United States""]",2,55,15,16,31,86,41.4954209,-71.2850679,41.4954209,-71.2850679,3.12
BIN126,BIN126,BIN- We Share Hope,WE SHARE HOPE,"310, Bourne Avenue, Rumford, East Providence, Providence County, Rhode Island, 02916, United States",[],"[""310, Bourne Avenue, Rumford, East Providence, Providence County, Rhode Island, 02916, United States""]",[],"[""310, Bourne Avenue, Rumford, East Providence, Providence County, Rhode Island, 02916, United States""]",1,5,78,0,78,83,41.8429838,-71.3696106,41.8429838,-71.3696106,0.0
BIN041,BIN041,BIN Jamestown Transfer Station,JAMESTOWN TRANSFER STATION,"50, North Road, Jamestown, Newport County, Rhode Island, 02835, United States","[""1218, North Main Road, Jamestown, Newport County, Rhode Island, 02835, United States""]","[""1218, North Main Road, Jamestown, Newport County, Rhode Island, 02835, United States"", ""50, North Road, Jamestown, Newport County, Rhode Island, 02835, United States""]",[],"[""1218, North Main Road, Jamestown, Newport County, Rhode Island, 02835, United States"", ""50, North Road, Jamestown, Newport County, Rhode Island, 02835, United States""]",2,80,1,0,1,81,41.4990327,-71.3747943,41.4990327,-71.3747943,0.0
BIN050,BIN050,BIN Meadowbrook Lanes,MEADOWBROOK LANES,"2530, Warwick Avenue, Kettle Corner, Warwick, Kent County, Rhode Island, 02889, United States",[],"[""2530, Warwick Avenue, Kettle Corner, Warwick, Kent County, Rhode Island, 02889, United States""]",[],"[""2530, Warwick Avenue, Kettle Corner, Warwick, Kent County, Rhode Island, 02889, United States""]",1,46,28,0,28,74,41.708102,-71.397256,41.708102,-71.397256,0.0
BIN040,BIN040,BIN Hood Shaw Memorial Church,HOOD SHAW MEMORIAL CHURCH,"148, Wadsworth Street, Olneyville, Providence, Providence County, Rhode Island, 02907, United States",[],"[""148, Wadsworth Street, Olneyville, Providence, Providence County, Rhode Island, 02907, United States""]",[],"[""148, Wadsworth Street, Olneyville, Providence, Providence County, Rhode Island, 02907, United States""]",1,70,1,0,1,71,41.8055488,-71.4362805,41.8055488,-71.4362805,0.0
BIN101,BIN101,BIN Warwick DPW,WARWICK DPW,"11, Range Road, Wildes Corner, Warwick, Kent County, Rhode Island, 02889, United States","[""11, Ingalls Street, Wildes Corner, Warwick, Kent County, Rhode Island, 02889, United States""]","[""11, Ingalls Street, Wildes Corner, Warwick, Kent County, Rhode Island, 02889, United States"", ""11, Range Road, Wildes Corner, Warwick, Kent County, Rhode Island, 02889, United States""]",[],"[""11, Ingalls Street, Wildes Corner, Warwick, Kent County, Rhode Island, 02889, United States"", ""11, Range Road, Wildes Corner, Warwick, Kent County, Rhode Island, 02889, United States""]",2,70,0,0,0,70,41.7085947,-71.4167379,41.7085947,-71.4167379,0.0
BIN121,BIN121,BIN- Hockomock YMCA,HOCKOMOCK YMCA,"YMCA, 300, Elmwood Street, North Attleborough, Bristol County, Massachusetts, 02762, United States","[""300, \""name\""=>\""Elmwood Street\"", 02760, TIGER extrapolate/snap""]","[""300, \""name\""=>\""Elmwood Street\"", 02760, TIGER extrapolate/snap"", ""YMCA, 300, Elmwood Street, North Attleborough, Bristol County, Massachusetts, 02762, United States""]",[],"[""300, \""name\""=>\""Elmwood Street\"", 02760, TIGER extrapolate/snap"", ""YMCA, 300, Elmwood Street, North Attleborough, Bristol County, Massachusetts, 02762, United States""]",2,5,63,0,63,68,41.9993165,-71.3195856,42.000144,-71.317719,0.0
BIN120,BIN120,BIN- Exeter Animal Shelter,EXETER ANIMAL SHELTER,"165 S County Trail (RI-2), South County Trail, Exeter, South County, Rhode Island, 02877, United States",[],"[""165 S County Trail (RI-2), South County Trail, Exeter, South County, Rhode Island, 02877, United States""]",[],"[""165 S County Trail (RI-2), South County Trail, Exeter, South County, Rhode Island, 02877, United States""]",1,62,0,0,0,62,41.549863,-71.529432,41.549863,-71.529432,0.0
BIN119,BIN119,BIN- East Providence Senior Center,EAST PROVIDENCE SENIOR CENTER,"610, Waterman Avenue, Six Corners, East Providence, Providence County, Rhode Island, 02914, United States",[],"[""610, Waterman Avenue, Six Corners, East Providence, Providence County, Rhode Island, 02914, United States""]",[],"[""610, Waterman Avenue, Six Corners, East Providence, Providence County, Rhode Island, 02914, United States""]",1,60,0,0,0,60,41.816836,-71.357797,41.816836,-71.357797,0.0
BIN073,BIN073,BIN Providence Children's Museum,PROVIDENCE CHILDREN'S MUSEUM,"100, South Street, Downtown, Providence, Providence County, Rhode Island, 02903, United States",[],"[""100, South Street, Downtown, Providence, Providence County, Rhode Island, 02903, United States""]",[],"[""100, South Street, Downtown, Providence, Providence County, Rhode Island, 02903, United States""]",1,57,0,0,0,57,41.816779,-71.409527,41.816779,-71.409527,0.0
BIN125,BIN125,BIN- St Michael's Ukraninan Orthodox Church,ST MICHAEL'S UKRANINAN ORTHODOX CHURCH,"Saint Michaels Ukrainian Orthodox Church, 74, Harris Avenue, Woonsocket, Providence County, Rhode Island, 02895, United States",[],"[""Saint Michaels Ukrainian Orthodox Church, 74, Harris Avenue, Woonsocket, Providence County, Rhode Island, 02895, United States""]",[],"[""Saint Michaels Ukrainian Orthodox Church, 74, Harris Avenue, Woonsocket, Providence County, Rhode Island, 02895, United States""]",1,56,0,0,0,56,42.0051831,-71.5201296,42.0051831,-71.5201296,0.0
BIN060,BIN060,Bin North Smithfield PD,NORTH SMITHFIELD PD,"575, Smithfield Road, Union Village, North Smithfield, Providence County, Rhode Island, 02896, United States","[""11, Glen Avenue, North Smithfield, Providence County, Rhode Island, 02896, United States""]","[""575, Smithfield Road, Union Village, North Smithfield, Providence County, Rhode Island, 02896, United States""]","[""11, Glen Avenue, North Smithfield, Providence County, Rhode Island, 02896, United States""]","[""11, Glen Avenue, North Smithfield, Providence County, Rhode Island, 02896, United States"", ""575, Smithfield Road, Union Village, North Smithfield, Providence County, Rhode Island, 02896, United States""]",2,18,36,2,38,56,41.983563,-71.5179823,41.983563,-71.5179823,99.7
BIN122,BIN122,BIN- Johnston Senior Center,JOHNSTON SENIOR CENTER,"1291, Hartford Avenue, Johnston, Providence County, Rhode Island, 02919, United States","[""1285, Hartford Avenue, Johnston, Providence County, Rhode Island, 02919, United States""]","[""1291, Hartford Avenue, Johnston, Providence County, Rhode Island, 02919, United States""]","[""1285, Hartford Avenue, Johnston, Providence County, Rhode Island, 02919, United States""]","[""1285, Hartford Avenue, Johnston, Providence County, Rhode Island, 02919, United States"", ""1291, Hartford Avenue, Johnston, Providence County, Rhode Island, 02919, United States""]",2,47,0,2,2,49,41.8232281,-71.4951458,41.8232281,-71.4951458,19.54
BIN094,BIN094,BIN Temple Habonim,TEMPLE HABONIM,"165, New Meadow Road, Barrington, Bristol County, Rhode Island, 02806, United States","[""147, New Meadow Road, Barrington, Bristol County, Rhode Island, 02806, United States""]","[""165, New Meadow Road, Barrington, Bristol County, Rhode Island, 02806, United States""]","[""147, New Meadow Road, Barrington, Bristol County, Rhode Island, 02806, United States""]","[""147, New Meadow Road, Barrington, Bristol County, Rhode Island, 02806, United States"", ""165, New Meadow Road, Barrington, Bristol County, Rhode Island, 02806, United States""]",2,47,0,1,1,48,41.7443072,-71.3026329,41.7443072,-71.3026329,83.74
BIN118,BIN118,BIN- CVACD,CVACD,"120, High Street, Pawtucket, Providence County, Rhode Island, 02860, United States",[],"[""120, High Street, Pawtucket, Providence County, Rhode Island, 02860, United States""]",[],"[""120, High Street, Pawtucket, Providence County, Rhode Island, 02860, United States""]",1,46,0,0,0,46,41.87977,-71.384019,41.87977,-71.384019,0.0
BIN013,BIN013,BIN Church of the Advent,CHURCH OF THE ADVENT,"Faith Fellowship AOG Community Church, 1395, Nooseneck Hill Road, Coventry, Kent County, Rhode Island, 02816, United States",[],"[""Faith Fellowship AOG Community Church, 1395, Nooseneck Hill Road, Coventry, Kent County, Rhode Island, 02816, United States""]",[],"[""Faith Fellowship AOG Community Church, 1395, Nooseneck Hill Road, Coventry, Kent County, Rhode Island, 02816, United States""]",1,10,36,0,36,46,41.6757412,-71.5929144,41.6757412,-71.5929144,0.0
BIN010,BIN010,BIN Central Falls DPW,CENTRAL FALLS DPW,"1280, High Street, Central Falls, Providence County, Rhode Island, 02863, United States",[],"[""1280, High Street, Central Falls, Providence County, Rhode Island, 02863, United States""]",[],"[""1280, High Street, Central Falls, Providence County, Rhode Island, 02863, United States""]",1,42,0,0,0,42,41.8965049,-71.3859084,41.8965049,-71.3859084,0.0
BIN005,BIN005,BIN Burrillville HS,BURRILLVILLE HS,"425, East Avenue, Harrisville, Burrillville, Providence County, Rhode Island, 01506, United States",[],"[""425, East Avenue, Harrisville, Burrillville, Providence County, Rhode Island, 01506, United States""]",[],"[""425, East Avenue, Harrisville, Burrillville, Providence County, Rhode Island, 01506, United States""]",1,17,16,0,16,33,41.967832,-71.6626969,41.967832,-71.6626969,0.0
BIN006,BIN006,BIN Burrillville MS,BURRILLVILLE MS,"2220, Broncos Highway, Burrillville, Providence County, Rhode Island, 02830, United States",[],"[""2220, Broncos Highway, Burrillville, Providence County, Rhode Island, 02830, United States""]",[],"[""2220, Broncos Highway, Burrillville, Providence County, Rhode Island, 02830, United States""]",1,17,15,0,15,32,41.9797999,-71.6227761,41.9797999,-71.6227761,0.0
BIN029,BIN029,BIN Dr Day Care,DR DAY CARE,"1201, Douglas Pike, Smithfield, Providence County, Rhode Island, 02917, United States",[],"[""1201, Douglas Pike, Smithfield, Providence County, Rhode Island, 02917, United States""]",[],"[""1201, Douglas Pike, Smithfield, Providence County, Rhode Island, 02917, United States""]",1,2,26,0,26,28,41.9278883,-71.536488,41.9278883,-71.536488,0.0
BIN115,BIN115,BIN- Coventry FD,COVENTRY FD,"1110, Victory Highway, Coventry, Kent County, Rhode Island, 02827, United States",[],"[""1110, Victory Highway, Coventry, Kent County, Rhode Island, 02827, United States""]",[],"[""1110, Victory Highway, Coventry, Kent County, Rhode Island, 02827, United States""]",1,4,21,0,21,25,41.6971392,-71.693678,41.6971392,-71.693678,0.0
BIN076,BIN076,BIN RISPCA,RISPCA,"186, Amaral Street, East Providence, Providence County, Rhode Island, 02915, United States",[],"[""186, Amaral Street, East Providence, Providence County, Rhode Island, 02915, United States""]",[],"[""186, Amaral Street, East Providence, Providence County, Rhode Island, 02915, United States""]",1,23,0,0,0,23,41.8002132,-71.348546,41.8002132,-71.348546,0.0
BIN093,BIN093,BIN T Bonez Grill,T BONEZ GRILL,"1080, Tiogue Avenue, Spring Lake, Coventry, Kent County, Rhode Island, 02816, United States","[""1017, Tiogue Avenue, Spring Lake, Tiogue, Coventry, Kent County, Rhode Island, 02816, United States"", ""1060, Tiogue Avenue, Spring Lake, Coventry, Kent County, Rhode Island, 02816, United States""]","[""1080, Tiogue Avenue, Spring Lake, Coventry, Kent County, Rhode Island, 02816, United States""]","[""1017, Tiogue Avenue, Spring Lake, Tiogue, Coventry, Kent County, Rhode Island, 02816, United States"", ""1060, Tiogue Avenue, Spring Lake, Coventry, Kent County, Rhode Island, 02816, United States""]","[""1017, Tiogue Avenue, Spring Lake, Tiogue, Coventry, Kent County, Rhode Island, 02816, United States"", ""1060, Tiogue Avenue, Spring Lake, Coventry, Kent County, Rhode Island, 02816, United States"", ""1080, Tiogue Avenue, Spring Lake, Coventry, Kent County, Rhode Island, 02816, United States""]",3,3,15,2,17,20,41.6792907,-71.5781685,41.6792907,-71.5781685,53.18
BIN117,BIN117,BIN- Coventry Transfer Station,COVENTRY TRANSFER STATION,"1668, Flat River Road, Coventry, Kent County, Rhode Island, 02816, United States",[],"[""1668, Flat River Road, Coventry, Kent County, Rhode Island, 02816, United States""]",[],"[""1668, Flat River Road, Coventry, Kent County, Rhode Island, 02816, United States""]",1,19,0,0,0,19,41.701423,-71.5911054,41.701423,-71.5911054,0.0
BIN106,BIN106,BIN West Warwick DPW,WEST WARWICK DPW,"10, Junior Street, River Point, West Warwick, Kent County, Rhode Island, 02893, United States",[],"[""10, Junior Street, River Point, West Warwick, Kent County, Rhode Island, 02893, United States""]",[],"[""10, Junior Street, River Point, West Warwick, Kent County, Rhode Island, 02893, United States""]",1,18,0,0,0,18,41.7140871,-71.5175739,41.7140871,-71.5175739,0.0
BIN130,BIN130,Bingle,GLE,"63, Betsey Williams Drive, Edgewood, Cranston, Providence County, Rhode Island, 02905, United States","[""1, Betsey Williams Drive, Edgewood, Cranston, Providence County, Rhode Island, 02905, United States"", ""31, Betsey Williams Drive, Edgewood, Cranston, Providence County, Rhode Island, 02905, United States"", ""43, Betsey Williams Drive, Edgewood, Cranston, Providence County, Rhode Island, 02905, United States"", ""67, Betsey Williams Drive, Edgewood, Cranston, Providence County, Rhode Island, 02905, United States""]","[""63, Betsey Williams Drive, Edgewood, Cranston, Providence County, Rhode Island, 02905, United States""]","[""1, Betsey Williams Drive, Edgewood, Cranston, Providence County, Rhode Island, 02905, United States"", ""31, Betsey Williams Drive, Edgewood, Cranston, Providence County, Rhode Island, 02905, United States"", ""43, Betsey Williams Drive, Edgewood, Cranston, Providence County, Rhode Island, 02905, United States"", ""67, Betsey Williams Drive, Edgewood, Cranston, Providence County, Rhode Island, 02905, United States""]","[""1, Betsey Williams Drive, Edgewood, Cranston, Providence County, Rhode Island, 02905, United States"", ""31, Betsey Williams Drive, Edgewood, Cranston, Providence County, Rhode Island, 02905, United States"", ""43, Betsey Williams Drive, Edgewood, Cranston, Providence County, Rhode Island, 02905, United States"", ""63, Betsey Williams Drive, Edgewood, Cranston, Providence County, Rhode Island, 02905, United States"", ""67, Betsey Williams Drive, Edgewood, Cranston, Providence County, Rhode Island, 02905, United States""]",5,3,0,15,15,18,41.7795158,-71.4011841,41.7795237,-71.4010091,28.17
BIN007,BIN007,BIN Burrillville Recreation Ctr,BURRILLVILLE RECREATION CTR,"50, Lodge Road, Huntsville, Pascoag, Burrillville, Providence County, Rhode Island, 02859, United States",[],"[""50, Lodge Road, Huntsville, Pascoag, Burrillville, Providence County, Rhode Island, 02859, United States""]",[],"[""50, Lodge Road, Huntsville, Pascoag, Burrillville, Providence County, Rhode Island, 02859, United States""]",1,17,0,0,0,17,41.9618728,-71.7115003,41.9618728,-71.7115003,0.0
BIN114,BIN114,BIN- Burrillville Police Dept,BURRILLVILLE POLICE DEPT,"1477, Victory Highway, Glendale, Oakland, Burrillville, Providence County, Rhode Island, 02858, United States",[],"[""1477, Victory Highway, Glendale, Oakland, Burrillville, Providence County, Rhode Island, 02858, United States""]",[],"[""1477, Victory Highway, Glendale, Oakland, Burrillville, Providence County, Rhode Island, 02858, United States""]",1,17,0,0,0,17,41.9628302,-71.644259,41.9628302,-71.644259,0.0
BIN128,BIN128,BIN-RIRRC,RIRRC,"65, Shun Pike, Johnston, Providence County, Rhode Island, 02919, United States",[],"[""65, Shun Pike, Johnston, Providence County, Rhode Island, 02919, United States""]",[],"[""65, Shun Pike, Johnston, Providence County, Rhode Island, 02919, United States""]",1,16,0,0,0,16,41.8031246,-71.5294346,41.8031246,-71.5294346,0.0
BIN104,BIN104,BIN West Warwick City Hall,WEST WARWICK CITY HALL,"16, Legion Way, West Warwick, Kent County, Rhode Island, 02893, United States","[""24, St Mary Street, Arctic, West Warwick, Kent County, Rhode Island, 02893, United States"", ""26, St Mary Street, Arctic, West Warwick, Kent County, Rhode Island, 02893, United States""]","[""16, Legion Way, West Warwick, Kent County, Rhode Island, 02893, United States""]","[""24, St Mary Street, Arctic, West Warwick, Kent County, Rhode Island, 02893, United States"", ""26, St Mary Street, Arctic, West Warwick, Kent County, Rhode Island, 02893, United States""]","[""16, Legion Way, West Warwick, Kent County, Rhode Island, 02893, United States"", ""24, St Mary Street, Arctic, West Warwick, Kent County, Rhode Island, 02893, United States"", ""26, St Mary Street, Arctic, West Warwick, Kent County, Rhode Island, 02893, United States""]",3,14,0,2,2,16,41.7040061,-71.522545,41.7040061,-71.522545,78.38
BIN107,BIN107,BIN West Warwick Public Library,WEST WARWICK PUBLIC LIBRARY,"West Warwick Public Library, 1043, Main Street, West Warwick, Kent County, Rhode Island, 02893, United States",[],"[""West Warwick Public Library, 1043, Main Street, West Warwick, Kent County, Rhode Island, 02893, United States""]",[],"[""West Warwick Public Library, 1043, Main Street, West Warwick, Kent County, Rhode Island, 02893, United States""]",1,15,0,0,0,15,41.7120015,-71.5238847,41.7120015,-71.5238847,0.0
BIN035,BIN035,BIN Flat Top Playground,FLAT TOP PLAYGROUND,"1866, New London Turnpike, West Warwick, Kent County, Rhode Island, 02893, United States",[],"[""1866, New London Turnpike, West Warwick, Kent County, Rhode Island, 02893, United States""]",[],"[""1866, New London Turnpike, West Warwick, Kent County, Rhode Island, 02893, United States""]",1,14,0,0,0,14,41.6760902,-71.5285242,41.6760902,-71.5285242,0.0
BIN105,BIN105,BIN West Warwick Civic Center,WEST WARWICK CIVIC CENTER,"Thomas A Lamb Memorial Building, 100, Factory Street, West Warwick, Kent County, Rhode Island, 02893, United States",[],"[""Thomas A Lamb Memorial Building, 100, Factory Street, West Warwick, Kent County, Rhode Island, 02893, United States""]",[],"[""Thomas A Lamb Memorial Building, 100, Factory Street, West Warwick, Kent County, Rhode Island, 02893, United States""]",1,14,0,0,0,14,41.7071956,-71.5145208,41.7071956,-71.5145208,0.0
BIN123,BIN123,BIN- Pawtucket YMCA,PAWTUCKET YMCA,"20, Summer Street, Pawtucket, Providence County, Rhode Island, 02860, United States",[],"[""20, Summer Street, Pawtucket, Providence County, Rhode Island, 02860, United States""]",[],"[""20, Summer Street, Pawtucket, Providence County, Rhode Island, 02860, United States""]",1,12,0,0,0,12,41.8786738,-71.3850958,41.8786738,-71.3850958,0.0
BIN004,BIN004,BIN Bristol DC,BRISTOL DC,"705, Metacom Avenue, Bristol, Bristol County, Rhode Island, 02809, United States",[],"[""705, Metacom Avenue, Bristol, Bristol County, Rhode Island, 02809, United States""]",[],"[""705, Metacom Avenue, Bristol, Bristol County, Rhode Island, 02809, United States""]",1,3,8,0,8,11,41.7051359,-71.2659937,41.7051359,-71.2659937,0.0
BIN127,BIN127,BIN-North Smithfield Public Schools,NORTH SMITHFIELD PUBLIC SCHOOLS,"1850, Providence Pike, North Smithfield, Providence County, Rhode Island, 02896, United States",[],"[""1850, Providence Pike, North Smithfield, Providence County, Rhode Island, 02896, United States""]",[],"[""1850, Providence Pike, North Smithfield, Providence County, Rhode Island, 02896, United States""]",1,9,0,0,0,9,41.9530099,-71.5468613,41.9530099,-71.5468613,0.0
BIN129,BIN129,Binette,ETTE,"33, Saint Francis Street, Bernon Heights, Woonsocket, Providence County, Rhode Island, 02895, United States","[""225, 227, Maple Street, Hamlet, Woonsocket, Providence County, Rhode Island, 02895, United States"", ""323, Maple Street, Hamlet, Woonsocket, Providence County, Rhode Island, 02895, United States"", ""38, Saint Francis Street, Bernon Heights, Woonsocket, Providence County, Rhode Island, 02895, United States""]","[""33, Saint Francis Street, Bernon Heights, Woonsocket, Providence County, Rhode Island, 02895, United States""]","[""225, 227, Maple Street, Hamlet, Woonsocket, Providence County, Rhode Island, 02895, United States"", ""323, Maple Street, Hamlet, Woonsocket, Providence County, Rhode Island, 02895, United States"", ""38, Saint Francis Street, Bernon Heights, Woonsocket, Providence County, Rhode Island, 02895, United States""]","[""225, 227, Maple Street, Hamlet, Woonsocket, Providence County, Rhode Island, 02895, United States"", ""323, Maple Street, Hamlet, Woonsocket, Providence County, Rhode Island, 02895, United States"", ""33, Saint Francis Street, Bernon Heights, Woonsocket, Providence County, Rhode Island, 02895, United States"", ""38, Saint Francis Street, Bernon Heights, Woonsocket, Providence County, Rhode Island, 02895, United States""]",4,3,0,5,5,8,41.9973315,-71.5064115,41.997195000000005,-71.506212,98.42
BIN131,BIN131,Binns,NS,"14, Foxcroft Avenue, Coles, Warwick, Kent County, Rhode Island, 02889, United States","[""32, Foxcroft Avenue, Coles, Warwick, Kent County, Rhode Island, 02889, United States"", ""4, Foxcroft Avenue, Coles, Warwick, Kent County, Rhode Island, 02889, United States""]","[""14, Foxcroft Avenue, Coles, Warwick, Kent County, Rhode Island, 02889, United States""]","[""32, Foxcroft Avenue, Coles, Warwick, Kent County, Rhode Island, 02889, United States"", ""4, Foxcroft Avenue, Coles, Warwick, Kent County, Rhode Island, 02889, United States""]","[""14, Foxcroft Avenue, Coles, Warwick, Kent County, Rhode Island, 02889, United States"", ""32, Foxcroft Avenue, Coles, Warwick, Kent County, Rhode Island, 02889, United States"", ""4, Foxcroft Avenue, Coles, Warwick, Kent County, Rhode Island, 02889, United States""]",3,1,1,2,3,4,41.7272383,-71.3924003,41.72710025000001,-71.3924003,89.5
BIN082,BIN082,bin ST DENIS,ST DENIS,,[],[],[],[],0,1,0,0,0,1,,,42.0765078,-71.718719,0.0
